"Name","Density","H","He","Li","Be","B","C","N","O","F","Ne","Na","Mg","Al","Si","P","S","Cl","Ar","K","Ca","Sc","Ti","V","Cr","Mn","Fe","Co","Ni","Cu","Zn","Ga","Ge","As","Se","Br","Kr","Rb","Sr","Y","Zr","Nb","Mo","Tc","Ru","Rh","Pd","Ag","Cd","In","Sn","Sb","Te","I","Xe","Cs","Ba","La","Ce","Pr","Nd","Pm","Sm","Eu","Gd","Tb","Dy","Ho","Er","Tm","Yb","Lu","Hf","Ta","W","Re","Os","Ir","Pt","Au","Hg","Tl","Pb","Bi","Po","At","Rn","Fr","Ra","Ac","Th","Pa","U","Np","Pu"
"12YWT",,,,,,,0.00049,0.00067,0.0017,,,,,,0.0009,,0.00003,,,,,,0.0035,0.0001,0.1215,0.002,0.837710023,,0.0026,0.0002,,,,,,,,,,0.002,,0.0001,0.0002,,,,,,,,,,,,,,,,,,,,,,,,,,,,,,,,0.0263,,,,,,,,,,,,,,,,,,,,
"14YWT-SM11",,,,,,,0.000344,0.003903,0.00247,,,,,0.000036,0.0004,0.00003,0.000027,,,,,,0.0022,,0.136700004,0.0002,0.829446018,,0.0005,0.0001,,,,,,,,,,0.002,,0.00002,0.000024,,,,,,,,,,,,,,,,,,,,,,,,,,,,,,,,0.021600001,,,,,,,,,,,,,,,,,,,,
"ADM6005a",4,,,,,,,,0.3398,,,,,0.066399999,0.0405,,,,,,0.068300001,,0.0713,,,,,,,,0.105499998,,0.3037,,,,,,,,,,,,,,,,,,,,,,,,,,,,,,,,,,,,,,,,,,,,,,,,,,,,,,,,,,,,,,
"Admiralty Brass",8.53,,,,,,,,,,,,,,,,,,,,,,,,,,,,,0.689999998,0.300000012,,,,,,,,,,,,,,,,,,,,0.01,,,,,,,,,,,,,,,,,,,,,,,,,,,,,,,,,,,,,,,,,,,,
"Alloy 800",,,,,,,,,,,,,,,,,,,,,,,,,0.209999993,,0.469999999,,0.319999993,,,,,,,,,,,,,,,,,,,,,,,,,,,,,,,,,,,,,,,,,,,,,,,,,,,,,,,,,,,,,,,,,,
"Almandine Garnet",,,,,,,,,0.385723382,,,,,0.108414583,0.169275627,,,,,,,,,,,,0.336586416,,,,,,,,,,,,,,,,,,,,,,,,,,,,,,,,,,,,,,,,,,,,,,,,,,,,,,,,,,,,,,,,,,,,
"Alumina",4.05,,,,,,,,0.470749319,,,,,0.529250681,,,,,,,,,,,,,,,,,,,,,,,,,,,,,,,,,,,,,,,,,,,,,,,,,,,,,,,,,,,,,,,,,,,,,,,,,,,,,,,,,
"Aluminum Fluoride",,,,,,,,,,0.678697646,,,,0.321302354,,,,,,,,,,,,,,,,,,,,,,,,,,,,,,,,,,,,,,,,,,,,,,,,,,,,,,,,,,,,,,,,,,,,,,,,,,,,,,,,,
"Ammonium Nitrate",1.725,0.050369699,,,,,,0.349977821,0.599652469,,,,,,,,,,,,,,,,,,,,,,,,,,,,,,,,,,,,,,,,,,,,,,,,,,,,,,,,,,,,,,,,,,,,,,,,,,,,,,,,,,,,,,
"Anhydrite",,,,,,,,,0.470084608,,,,,,,,0.235528558,,,,0.294386834,,,,,,,,,,,,,,,,,,,,,,,,,,,,,,,,,,,,,,,,,,,,,,,,,,,,,,,,,,,,,,,,,,,,,,,,,,
"Anorthite",2.6,,,,,,,,0.460071355,,,,,0.193967164,0.201903418,,,,,,0.144058064,,,,,,,,,,,,,,,,,,,,,,,,,,,,,,,,,,,,,,,,,,,,,,,,,,,,,,,,,,,,,,,,,,,,,,,,,,
"Antimony Telluride",,,,,,,,,,,,,,,,,,,,,,,,,,,,,,,,,,,,,,,,,,,,,,,,,,,,0.388810843,0.611189187,,,,,,,,,,,,,,,,,,,,,,,,,,,,,,,,,,,,,,,,,,
"Apatite",,0.001890058,,,,,,,0.390020579,,,,,,,0.232324183,,,,,0.375765175,,,,,,,,,,,,,,,,,,,,,,,,,,,,,,,,,,,,,,,,,,,,,,,,,,,,,,,,,,,,,,,,,,,,,,,,,,
"Arenal Hornblende",,0.00135397,,,,,,,0.436120808,,,0.014169478,0.085631095,0.081875086,0.193798512,,,,,0.00174331,0.082546785,,0.008450734,,,0.001161686,0.089148529,,,,,,,,,,,,,,,,,,,,,,,,,,,,,,,,,,,,,,,,,,,,,,,,,,,,,,,,,,,,,,,,,,,,
"Arsenopyrite",,,,,,,,,,,,,,,,,0.196921229,,,,,,,,,,0.342961699,,,,,,,0.460117072,,,,,,,,,,,,,,,,,,,,,,,,,,,,,,,,,,,,,,,,,,,,,,,,,,,,,,,,,,,,,
"Au20Ag80",,,,,,,,,,,,,,,,,,,,,,,,,,,,,,,,,,,,,,,,,,,,,,,,0.774999976,,,,,,,,,,,,,,,,,,,,,,,,,,,,,,,,0.224000007,,,,,,,,,,,,,,,
"Au20Cu80",12,,,,,,,,,,,,,,,,,,,,,,,,,,,,,0.797999978,,,,,,,,,,,,,,,,,,,,,,,,,,,,,,,,,,,,,,,,,,,,,,,,,,0.201000005,,,,,,,,,,,,,,,
"Au40Ag60",,,,,,,,,,,,,,,,,,,,,,,,,,,,,,,,,,,,,,,,,,,,,,,,0.598999977,,,,,,,,,,,,,,,,,,,,,,,,,,,,,,,,0.400000006,,,,,,,,,,,,,,,
"Au60Ag40",,,,,,,,,,,,,,,,,,,,,,,,,,,,,,,,,,,,,,,,,,,,,,,,0.398999989,,,,,,,,,,,,,,,,,,,,,,,,,,,,,,,,0.600000024,,,,,,,,,,,,,,,
"Au60Cu40",,,,,,,,,,,,,,,,,,,,,,,,,,,,,,0.395999998,,,,,,,,,,,,,,,,,,,,,,,,,,,,,,,,,,,,,,,,,,,,,,,,,,0.603600025,,,,,,,,,,,,,,,
"Au80Ag20",,,,,,,,,,,,,,,,,,,,,,,,,,,,,,,,,,,,,,,,,,,,,,,,0.199000001,,,,,,,,,,,,,,,,,,,,,,,,,,,,,,,,0.800000012,,,,,,,,,,,,,,,
"Au80Cu20",,,,,,,,,,,,,,,,,,,,,,,,,,,,,,0.197999999,,,,,,,,,,,,,,,,,,,,,,,,,,,,,,,,,,,,,,,,,,,,,,,,,,0.800999999,,,,,,,,,,,,,,,
"BAM CRM",,,,,,,0.201000005,,0.002,,,,,0.059,,,,,0.011,,,,,,,0.437999994,,,,0.118000001,,,,,,,,,,,0.171000004,,,,,,,,,,,,,,,,,,,,,,,,,,,,,,,,,,,,,,,,,,,,,,,,,,,,,,
"BAM EDS-TM002",,,,,,,0.200000003,,,,,,,0.059999999,,,,,,,,,,,,0.409999996,,,,0.140000001,,,,,,,,,,,0.189999998,,,,,,,,,,,,,,,,,,,,,,,,,,,,,,,,,,,,,,,,,,,,,,,,,,,,,,
"Barite",,,,,,,,,0.274209291,,,,,,,,0.137388304,,,,,,,,,,,,,,,,,,,,,,,,,,,,,,,,,,,,,,,,0.58840239,,,,,,,,,,,,,,,,,,,,,,,,,,,,,,,,,,,,,,
"Benitoite",,,,,,,,,0.348279864,,,,,,0.203791261,,,,,,,,0.11577595,,,,,,,,,,,,,,,,,,,,,,,,,,,,,,,,,,0.332152933,,,,,,,,,,,,,,,,,,,,,,,,,,,,,,,,,,,,,,
"Biotite",,0.004,,,,,,,0.432999998,0.0026,,,0.116700001,0.081,0.178200006,,,,,0.083300002,0.0015,,0.01,,,0.0009,0.082199998,,,,,,,,,,,,,,,,,,,,,,,,,,,,,,0.002,,,,,,,,,,,,,,,,,,,,,,,,,,,,,,,,,,,,,,
"Bismuth Silicide",,,,,,,,,0.06322252,,,,,,0.110981412,,,,,,,,,,,,,,,,,,,,,,,,,,,,,,,,,,,,,,,,,,,,,,,,,,,,,,,,,,,,,,,,,,,,,0.825796068,,,,,,,,,,,
"Boracite",2.97,,,,,0.19303526,,,0.530542016,,,,0.185990006,,,,,0.090432748,,,,,,,,,,,,,,,,,,,,,,,,,,,,,,,,,,,,,,,,,,,,,,,,,,,,,,,,,,,,,,,,,,,,,,,,,,,,,
"Bustamite",,,,,,,,,0.383899987,,,0.0004,,0.0002,0.224600002,,,,,0.0005,0.135600001,,,,,0.188299999,0.063199997,,,,0.002,,,,,,,,,,,,,,,,,,,,,,,,,,,,,,,,,,,,,,,,,,,,,,,,,,,,,,,,,,,,,,,,
"Caesium Iodide",,,,,,,,,,,,,,,,,,,,,,,,,,,,,,,,,,,,,,,,,,,,,,,,,,,,,,0.488453001,,0.511546969,,,,,,,,,,,,,,,,,,,,,,,,,,,,,,,,,,,,,,,
"Caesium Nitrate",,,,,,,,0.085978098,0.098209992,,,,,,,,,,,,,,,,,,,,,,,,,,,,,,,,,,,,,,,,,,,,,,,0.815811932,,,,,,,,,,,,,,,,,,,,,,,,,,,,,,,,,,,,,,,
"Cassiterite",,,,,,,,,0.212322041,,,,,,,,,,,,,,,,,,,,,,,,,,,,,,,,,,,,,,,,,,0.787677944,,,,,,,,,,,,,,,,,,,,,,,,,,,,,,,,,,,,,,,,,,,,
"Cerium Alumate",,,,,,,,,,,,,,0.278046846,,,,,,,,,,,,,,,,,,,,,,,,,,,,,,,,,,,,,,,,,,,,,0.721953154,,,,,,,,,,,,,,,,,,,,,,,,,,,,,,,,,,,,
"Cerium Fluoride",,,,,,,,,,0.213326439,,,,,,,,,,,,,,,,,,,,,,,,,,,,,,,,,,,,,,,,,,,,,,,,,0.786673546,,,,,,,,,,,,,,,,,,,,,,,,,,,,,,,,,,,,
"Cherry Blossum",14,,,,,,,,0.140000001,,,,,,,,,,,,,,,,0.090000004,,0.07,,,,,,,,,,,,,,,,,,,,,,,,,,,,,,,,,,,,,,,,,,,,,,,,,,,,,,,,,,,,,,,,,,0.699999988,,
"Chlorite",,0.014578227,,,,,,,0.520662427,,,,0.263649493,0.048780557,0.152329311,,,,,,,,,,,,,,,,,,,,,,,,,,,,,,,,,,,,,,,,,,,,,,,,,,,,,,,,,,,,,,,,,,,,,,,,,,,,,,,,
"Chrome Carbide",,,,,,,0.071492687,,,,,,,,,,,,,,,,,,0.928507328,,,,,,,,,,,,,,,,,,,,,,,,,,,,,,,,,,,,,,,,,,,,,,,,,,,,,,,,,,,,,,,,,,,,,,
"Chrome Diopsite",,,,,,,,,0.439200014,,,0.0033,0.103399999,,0.255199999,,,,,,0.182300001,,0.0006,,0.0034,,0.0108,,,,,,,,,,,,,,,,,,,,,,,,,,,,,,,,,,,,,,,,,,,,,,,,,,,,,,,,,,,,,,,,,,,,
"Chromite",,,,,,,,,0.327699989,,,,0.091700003,0.052499998,,,,,,,0.0009,,,,0.413899988,0.0009,0.101400003,,,,,,,,,,,,,,,,,,,,,,,,,,,,,,,,,,,,,,,,,,,,,,,,,,,,,,,,,,,,,,,,,,,,
"Chromium Nitride",,,,,,,,0.212213725,,,,,,,,,,,,,,,,,0.787786305,,,,,,,,,,,,,,,,,,,,,,,,,,,,,,,,,,,,,,,,,,,,,,,,,,,,,,,,,,,,,,,,,,,,,,
"Chromium Oxide",,,,,,,,,0.315797567,,,,,,,,,,,,,,,,0.684202433,,,,,,,,,,,,,,,,,,,,,,,,,,,,,,,,,,,,,,,,,,,,,,,,,,,,,,,,,,,,,,,,,,,,,,
"Cinnabar",,,,,,,,,,,,,,,,,0.137822092,,,,,,,,,,,,,,,,,,,,,,,,,,,,,,,,,,,,,,,,,,,,,,,,,,,,,,,,,,,,,,,,0.862177908,,,,,,,,,,,,,,
"Cobalt (II,III) Oxide",,,,,,,,,0.265774518,,,,,,,,,,,,,,,,,,,0.734225512,,,,,,,,,,,,,,,,,,,,,,,,,,,,,,,,,,,,,,,,,,,,,,,,,,,,,,,,,,,,,,,,,,,
"Cobalt Oxide",,,,,,,,,0.213517785,,,,,,,,,,,,,,,,,,,0.786482215,,,,,,,,,,,,,,,,,,,,,,,,,,,,,,,,,,,,,,,,,,,,,,,,,,,,,,,,,,,,,,,,,,,
"Cobalt Silicide",,,,,,,,,,,,,,,0.488002151,,,,,,,,,,,,,0.511997819,,,,,,,,,,,,,,,,,,,,,,,,,,,,,,,,,,,,,,,,,,,,,,,,,,,,,,,,,,,,,,,,,,,
"Copper Iodide",,,,,,,,,,,,,,,,,,,,,,,,,,,,,,0.333662391,,,,,,,,,,,,,,,,,,,,,,,,0.666337609,,,,,,,,,,,,,,,,,,,,,,,,,,,,,,,,,,,,,,,,,
"Copper Sulphate",,,,,,,,,0.400965869,,,,,,,,0.200897694,,,,,,,,,,,,,0.398136437,,,,,,,,,,,,,,,,,,,,,,,,,,,,,,,,,,,,,,,,,,,,,,,,,,,,,,,,,,,,,,,,,
"Corning A",,,,,,,,,0.440699995,,,0.105999999,0.016000001,0.00529,0.311199993,0.00057,0.0004,0.00069,,0.023800001,0.035950001,,0.00474,,,0.00774,0.00762,0.00134,,0.00935,0.00035,,,,,,,,0.00085,,,,,,,,,,,,0.0015,0.01317,,,,,0.00502,,,,,,,,,,,,,,,,,,,,,,,,,,0.00111,,,,,,,,,,,,
"Corning B",,,,0.00000465,,0.0000621,,,0.440192729,,,0.126115769,0.00621127,0.023075331,0.287706196,0.003578649,0.00200248,0.002,,0.008301478,0.061177529,,0.000533,0.000168,0.0000342,0.001936144,0.002378047,0.000362,0.000786,0.021249797,0.001526588,,,,,,,0.00000914,0.000161,,0.000185,,,,,,,0.0000931,,,0.000315,0.003462544,,,,,0.001074782,,,,,,,,,,,,,,,,,,,,,,,,,,0.005662739,0.0000448,,,,,,,,,,,
"Corning C",,,,0.0000465,,0.000621,,,0.273649931,,,0.007937875,0.016643791,0.004604481,0.162994564,0.000611,0.0004,0.001,,0.023576196,0.036234822,,0.004734809,0.0000336,0.00000684,0.006350551,0.002378047,0.001415668,0.000157,0.009027169,0.000418,,,,,,,0.0000914,0.002452224,,0.000037,,,,,,,0.0000186,,,0.001496588,0.000226,,,,,0.102104254,,,,,,,,,,,,,,,,,,,,,,,,,,0.340692669,0.00000897,,,,,,,,,,,
"Corning D",,,,0.0000232,,0.000311,,,0.433093995,,,0.00890229,0.023759615,0.028050287,0.258211046,0.017151332,0.001201488,0.004,,0.093806699,0.105774231,,0.002277503,0.000084,0.0000171,0.004259516,0.003637013,0.000181,0.000393,0.003035685,0.000803,,,,,,,0.0000457,0.000482,,0.0000925,,,,,,,0.0000465,,,0.000788,0.007301453,,,,,0.004567822,,,,,,,,,,,,,,,,,,,,,,,,,,0.004455926,0.0000224,,,,,,,,,,,
"Cryolite",,,,,,,,,,0.542958081,,0.328520954,,0.128520936,,,,,,,,,,,,,,,,,,,,,,,,,,,,,,,,,,,,,,,,,,,,,,,,,,,,,,,,,,,,,,,,,,,,,,,,,,,,,,,,,
"DW6701",,,,,,,,,0.380100012,,,,,0.161500007,0.126000002,,,,,,0.179800004,,,,,,,,,,,,,,,,,,,,,,,,,,,,,,,,,,,,,,,,,,,0.037999999,0.038699999,0.037799999,,,,0.0381,,,,,,,,,,,,,,,,,,,,,,,,,
"DW6702",,,,,,,,,0.382800013,,,,,0.162100002,0.126499996,,,,,,0.180500001,,,,,,,,,,,,,,,,,,,,,,,,,,,,,,,,,,,,,,,,0.036499999,,0.036699999,,,,,,,,0.0374,0.037500001,,,,,,,,,,,,,,,,,,,,,,,
"DW6703",,,,,,,,,0.388900012,,,,,0.162499994,0.126900002,,,,,,0.180999994,,,,,,,,,,,,,,,,,,,0.032099999,,,,,,,,,,,,,,,,,,0.036499999,0.034200002,0.037900001,,,,,,,,,,,,,,,,,,,,,,,,,,,,,,,,,,,
"DW6704",,,,,,,,,0.394300014,,,,,0.169699997,0.132400006,,,,,,0.188999996,,,,,,,,,,,,,,,,,,,,,,,,,,,,,,,,,,,,,,,,,,,,,,0.037999999,0.0385,0.0381,,,,,,,,,,,,,,,,,,,,,,,,,,
"Diopside",,,,,,,,,0.443298191,,,,0.112237148,,0.259389967,,,,,,0.185074702,,,,,,,,,,,,,,,,,,,,,,,,,,,,,,,,,,,,,,,,,,,,,,,,,,,,,,,,,,,,,,,,,,,,,,,,,,
"Dolomite",,,,,,,0.130267337,,0.520585597,,,,0.131805286,,,,,,,,0.217341796,,,,,,,,,,,,,,,,,,,,,,,,,,,,,,,,,,,,,,,,,,,,,,,,,,,,,,,,,,,,,,,,,,,,,,,,,,
"Dysprosium Fluoride",,,,,,,,,,0.262048602,,,,,,,,,,,,,,,,,,,,,,,,,,,,,,,,,,,,,,,,,,,,,,,,,,,,,,,,,0.737951398,,,,,,,,,,,,,,,,,,,,,,,,,,,,
"Enstatite",,,,,,,,,0.478123546,,,,0.242108926,,0.279767543,,,,,,,,,,,,,,,,,,,,,,,,,,,,,,,,,,,,,,,,,,,,,,,,,,,,,,,,,,,,,,,,,,,,,,,,,,,,,,,,
"Erbium Fluoride",,,,,,,,,,0.25415045,,,,,,,,,,,,,,,,,,,,,,,,,,,,,,,,,,,,,,,,,,,,,,,,,,,,,,,,,,,0.74584955,,,,,,,,,,,,,,,,,,,,,,,,,,
"Europium Fluoride",,,,,,,,,,0.272753388,,,,,,,,,,,,,,,,,,,,,,,,,,,,,,,,,,,,,,,,,,,,,,,,,,,,,,0.727246642,,,,,,,,,,,,,,,,,,,,,,,,,,,,,,,
"Europium Oxide",,,,,,,,,0.136387125,,,,,,,,,,,,,,,,,,,,,,,,,,,,,,,,,,,,,,,,,,,,,,,,,,,,,,,0.86361289,,,,,,,,,,,,,,,,,,,,,,,,,,,,,,,
"Fayalite",,,,,,,,,0.314063042,,,,,,0.137827322,,,,,,,,,,,,0.548109651,,,,,,,,,,,,,,,,,,,,,,,,,,,,,,,,,,,,,,,,,,,,,,,,,,,,,,,,,,,,,,,,,,,,
"Fe-Cr stainless",8,,,,,,,,,,,,,,,,,,,,,,,,0.150000006,,0.850000024,,,,,,,,,,,,,,,,,,,,,,,,,,,,,,,,,,,,,,,,,,,,,,,,,,,,,,,,,,,,,,,,,,,,
"Ferrous Oxide",,,,,,,,,0.222695157,,,,,,,,,,,,,,,,,,0.777304828,,,,,,,,,,,,,,,,,,,,,,,,,,,,,,,,,,,,,,,,,,,,,,,,,,,,,,,,,,,,,,,,,,,,
"Fluorapatite",3.15,,,,,,,,0.380709916,0.037671864,,,,,,0.184257179,,,,,0.39736104,,,,,,,,,,,,,,,,,,,,,,,,,,,,,,,,,,,,,,,,,,,,,,,,,,,,,,,,,,,,,,,,,,,,,,,,,,
"Fluorite",,,,,,,,,,0.486666501,,,,,,,,,,,0.513333499,,,,,,,,,,,,,,,,,,,,,,,,,,,,,,,,,,,,,,,,,,,,,,,,,,,,,,,,,,,,,,,,,,,,,,,,,,
"Forsterite",3.3,,,,,,,,0.45487377,,,,0.345503807,,0.199622437,,,,,,,,,,,,,,,,,,,,,,,,,,,,,,,,,,,,,,,,,,,,,,,,,,,,,,,,,,,,,,,,,,,,,,,,,,,,,,,,
"Gadolinium Gallium Garnet",,,,,,,,,0.18964915,,,,,,,,,,,,,,,,,,,,,,,0.344359487,,,,,,,,,,,,,,,,,,,,,,,,,,,,,,,,,0.465991378,,,,,,,,,,,,,,,,,,,,,,,,,,,,,,
"Gadolinium Oxide",,,,,,,,,0.132409483,,,,,,,,,,,,,,,,,,,,,,,,,,,,,,,,,,,,,,,,,,,,,,,,,,,,,,,,0.867590487,,,,,,,,,,,,,,,,,,,,,,,,,,,,,,
"Gallium Nitride",,,,,,,,0.167284727,,,,,,,,,,,,,,,,,,,,,,,,0.832715273,,,,,,,,,,,,,,,,,,,,,,,,,,,,,,,,,,,,,,,,,,,,,,,,,,,,,,,,,,,,,,,
"Gallium Selenide",,,,,,,,,,,,,,,,,,,,,,,,,,,,,,,,0.370545745,,,0.629454255,,,,,,,,,,,,,,,,,,,,,,,,,,,,,,,,,,,,,,,,,,,,,,,,,,,,,,,,,,,,
"Gallium Sulphide",,,,,,,,,,,,,,,,,0.315017492,,,,,,,,,,,,,,,0.684982538,,,,,,,,,,,,,,,,,,,,,,,,,,,,,,,,,,,,,,,,,,,,,,,,,,,,,,,,,,,,,,,
"Hafnium Oxide",,,,,,,,,0.152021393,,,,,,,,,,,,,,,,,,,,,,,,,,,,,,,,,,,,,,,,,,,,,,,,,,,,,,,,,,,,,,,,0.847978592,,,,,,,,,,,,,,,,,,,,,,
"Hedenbergite",,,,,,,,,0.386941224,,,,,,0.226413444,,,,,,0.161545947,,,,,,0.2250994,,,,,,,,,,,,,,,,,,,,,,,,,,,,,,,,,,,,,,,,,,,,,,,,,,,,,,,,,,,,,,,,,,,,
"Hessite",,,,,,,,,,,,,,,,,,,,,,,,,,,,,,,,,,,,,,,,,,,,,,,,0.628352821,,,,,0.371647179,,,,,,,,,,,,,,,,,,,,,,,,,,,,,,,,,,,,,,,,,,
"Hf-oxide",4.7,0.011821022,,,,,,,0.333581179,,,,,,,,0.073121846,,,,,,,,,,,,,,,,,,,,,,,,,,,,,,,,,,,,,,,,,,,,,,,,,,,,,,,,0.581475973,,,,,,,,,,,,,,,,,,,,,,
"IN 100 inclusion",,,,,,,,,,,,,,0.001,,,,,,,,,0.634000003,0.037999999,0.012,,,0.012,0.023,,,,,,,,,,,,,,0.280999988,,,,,,,,,,,,,,,,,,,,,,,,,,,,,,,,,,,,,,,,,,,,,,,,,,,,
"IN 100 matrix",,,,,,,,,,,,,,0.046999998,,,,,,,,,0.041000001,0.01,0.094999999,,,0.158000007,0.621999979,,,,,,,,,,,,,,0.026000001,,,,,,,,,,,,,,,,,,,,,,,,,,,,,,,,,,,,,,,,,,,,,,,,,,,,
"Ilmenite",4.75,,,,,,,,0.316380829,,,,,,,,,,,,,,0.315516025,,,,0.368103147,,,,,,,,,,,,,,,,,,,,,,,,,,,,,,,,,,,,,,,,,,,,,,,,,,,,,,,,,,,,,,,,,,,,
"Iron Phosphide",,,,,,,,,,,,,,,,0.217110217,,,,,,,,,,,0.782889783,,,,,,,,,,,,,,,,,,,,,,,,,,,,,,,,,,,,,,,,,,,,,,,,,,,,,,,,,,,,,,,,,,,,
"Iron Silicide",,,,,,,,,,,,,,,0.501455128,,,,,,,,,,,,0.498544842,,,,,,,,,,,,,,,,,,,,,,,,,,,,,,,,,,,,,,,,,,,,,,,,,,,,,,,,,,,,,,,,,,,,
"Iron carbide",,,,,,,0.066894948,,,,,,,,,,,,,,,,,,,,0.933105052,,,,,,,,,,,,,,,,,,,,,,,,,,,,,,,,,,,,,,,,,,,,,,,,,,,,,,,,,,,,,,,,,,,,
"Iron-Chrome",,,,,,,,,,,,,,,,,,,,,,,,,0.01,,0.99000001,,,,,,,,,,,,,,,,,,,,,,,,,,,,,,,,,,,,,,,,,,,,,,,,,,,,,,,,,,,,,,,,,,,,
"Jadeite",,,,,,,,,0.474903613,,,0.113732643,,0.13348031,0.27788344,,,,,,,,,,,,,,,,,,,,,,,,,,,,,,,,,,,,,,,,,,,,,,,,,,,,,,,,,,,,,,,,,,,,,,,,,,,,,,,,
"Jadeite-EV",,,,,,,,,0.474903613,,,0.113732643,,0.13348031,0.27788344,,,,,,,,,,0.0001,,,,,,,,,,,,,,,,,,,,,,,,,,,,,,,,,,,,,,,,,,,,,,,,,,,,,,,,,,,,,,,,,,,,,,
"Juan de Fuca",3,0.0000224,,,,,,,0.440039277,,,0.019436667,0.040463708,0.074412644,0.237503678,0.000873,,,,0.001577281,0.079473615,,0.011087843,,,0.001703806,0.092006251,,,,,,,,,,,,,,,,,,,,,,,,,,,,,,,,,,,,,,,,,,,,,,,,,,,,,,,,,,,,,,,,,,,,
"K1001",,,,,,,,,0.394699991,,,0.0167,0.0136,0.089199997,0.210199997,,,,,0.0187,0.067500003,,,,,,,,,,,,,,,,,0.0206,0.100500003,,,,,,,,,,,,,,,,,,,,,0.019200001,0.019300001,,,,,,,,0.0197,,,,,,,,,,,,,,0.0104,,,,,,,,,,,,
"K1008",,,,,,,,,0.386799991,,,0.0167,,0.089199997,0.210199997,,,,,,0.067500003,,,,,,,,,,,,,,,,,0.0206,0.100500003,,0.0083,,,,,,,,,,,,,,,0.021199999,0.020199999,,,,,,,,,,,0.0196,,0.0197,0.0198,,,,,,,,,,,,,,,,,,,,,,,,
"K1010",,,,,,,,,0.389600009,,,,,0.089199997,0.210199997,,,,,0.0187,0.067500003,,,,,,,,,,,,0.0156,,,,,0.0206,0.100500003,,,,,,,,,,,,,,0.009,,,0.021199999,,0.019200001,,,,,,0.019400001,0.0195,,,,,,,,,,,,,,,,,,,,,,,,,,,,,,
"K1012",,,,,,,,,0.393400013,,,0.0148,0.090499997,0.079400003,0.187000006,0.0063,,,,0.0166,0.004,,,,,,,,,,,0.0149,,,0.0071,,,,,,,,,,,,,,,0.0165,,,,,,0.0189,0.134299994,,0.0163,,,,,,,,,,,,,,,,,,,,,,,,,,,,,,,,,,,,
"K1013",,,,,,,,,0.525900006,,,,0.0524,0.058200002,,0.333999991,,,,,,,0.0022,,0.0023,,,,0.0026,,,,0.0033,,,,,,,,0.0041,,,,,,,,,,,,,,,,0.0061,,,,,,,0.0067,,,,,,,,,,,,,,,,,,,,,,,,,,,0.0011,,0.0013,,
"K1053",,,,,,,,,0.161300004,0.0039,,,,,0.093500003,,,0.0064,,,,,,,,,,,,,,,,,,0.0109,,,,,,,,,,,,,,,,,,0.0137,,,,,,,,,,,,,,,,,,,,,,,,,,,,,0.710200012,,,,,,,,,,,,
"K1070",,,,,,,,,0.343100011,,,,0.075400002,,0.187000006,,,,,,0.089299999,,,,,,,,,,0.100400001,,,,,,,,,,,,,,,,,,,,,,,,,,0.112000003,,,,,,,,,,,,,,,,,,,,,,,,,,0.092799999,,,,,,,,,,,,
"K1080",,,,0.027899999,,0.0062,,,0.416500002,,,,0.0121,0.079400003,0.187000006,,,,,,0.107199997,,0.012,,,,,,,,,,,,,,,,0.126800001,,0.0074,,,,,,,,,,,,,,,,,,,,,,,,,,,,,,,0.0176,,,,,,,,,,,,,,,,,,,,,,,
"K1092",,,,0.092900001,,,,,0.50940001,,,,,0.052900001,0.303900003,,,,,,,,,,,,,,,,,,,,,,,,,,,,,,,,,,,,,,,,,,,,,,,,,,,,,,,,,,,0.040899999,,,,,,,,,,,,,,,,,,,,,
"K1098",,,,0.0232,,0.202000007,,,0.576099992,,,,,0.105800003,,,,,,,,,,,,,,,,,,,,,,,,,,,,,,,,,,,,,,,,,,,,,,,,,,,,,,,,,,,,,,,,,,,,,0.092799999,,,,,,,,,,,,
"K1132",,,,0.0232,,,,,0.413399994,,,,,0.079400003,0.2139,,,,,,0.107199997,,,,0.0051,,,,0.0118,,,,,,,,,,,,,,0.0167,,,,,,,,,,,,,,0.134299994,,,,,,,,,,,,,,,,,,,,,,,,,,,,,,,,,,,,,,
"K1228",,,,0.0139,,,,,0.37529999,,,0.022299999,,0.079400003,0.187000006,,,,,0.024900001,0.107199997,,,,,,,,,,,,,,,,,0.0274,,,,,,,,,,,,,,,,,,0.0283,0.134299994,,,,,,,,,,,,,,,,,,,,,,,,,,,,,,,,,,,,,,
"K1229",,,,,,,,,0.4102,,,,0.0177,0.093400002,0.219999999,,,,,,0.105099998,,,,,,,,,,,,,,,,,,0.074600004,,,,,,,,,,,,,,,,,,0.079000004,,,,,,,,,,,,,,,,,,,,,,,,,,,,,,,,,,,,,,
"K1234",,,,,,,,,0.398499995,,,,,0.091499999,0.215599999,,,,,,0.123599999,,,,,,,,,,,,,,,,,,,,,,,,,,,,,,,,,,,,0.154899999,,,,,,,,,,,,,,,,,,0.015900001,,,,,,,,,,,,,,,,,,,,
"K1235",,,,,,,,,0.3917,,,,,0.088600002,0.211600006,,,,,,0.1215,,,,,,,,,,,,,,,,,,,,,,,,,,0.0174,,,,,,,,,,0.1523,,,,,,,,,,,,,,,,0.017000001,,,,,,,,,,,,,,,,,,,,,,
"K1236",,,,,,,,,0.212699994,,,,,,,,,,,,,0.0065,,,,,,,,,,,0.409500003,,,,,,,,,,,,,,,,,,,,,,,,,,,,,,,,,,,,,,,,,,,,,,,,,,0.371300012,,,,,,,,,,,,
"K1404",,,,,,,,,0.280241013,,,,,,0.158938006,,,,,,,,,,,,,,,,0.128538996,,,,,,,,,,0.074029997,,,,,,,,,,,,,,,,0.358251989,,,,,,,,,,,,,,,,,,,,,,,,,,,,,,,,,,,,,,
"K1451",,,,0.000093,,,,,0.459434003,,,0.014837,0.024123,0.132306993,0.249532998,,,,,0.033206001,0.021441,,0.002997,0.00112,0.001368,0.003872,0.027977001,0.001421,0.001572,,,,,,,,,0.001562,0.001691,,0.001481,0.001398,,,,,,,,,,,,,,,,,,,,,,,,,,,,,,,,,,,,,,,,,0.018565999,,,,,,,,,,,,
"K1504",,,,0.025549,,,,,0.478680015,,,,0.120614998,0.007938,0.289828986,,,,,,0.003573,,,,,0.003872,0.069944002,,,,,,,,,,,,,,,,,,,,,,,,,,,,,,,,,,,,,,,,,,,,,,,,,,,,,,,,,,,,,,,,,,,,
"K1541",,,,0.000093,,,,,0.461006999,,,0.014837,0.024123,0.132306993,0.249532998,,,,,0.033206001,0.021441,,0.002997,0.00112,0.001368,0.003872,0.027977001,0.001421,,,,,,,,,,0.001562,0.001691,,0.001481,0.001398,,,,,,,,,,,,,,,,,,,,,,,,,,,,,,,,,,,,,,,,,0.018565999,,,,,,,,,,,,
"K1546",,,,,,,,,0.432599992,,,,0.072400004,0.050500002,0.182300001,0.028200001,,,,,0.0858,,0.029999999,0.0112,,0.0126,,0.0142,,0.016000001,0.064300001,,,,,,,,,,,,,,,,,,,,,,,,,,,,,,,,,,,,,,,,,,,,,,,,,,,,,,,,,,,,,,,,
"K1597",,,,,,,,,0.432900012,,,,0.1206,,0.280499995,,,,,0.165999994,,,,,,,,,,,,,,,,,,,,,,,,,,,,,,,,,,,,,,,,,,,,,,,,,,,,,,,,,,,,,,,,,,,,,,,,,,,
"K1601",,,,,,,,,0.435175002,,,0.074184999,,0.079383999,0.217371002,,,,,,0.107203998,,,0.028007001,,0.031597,,0.007106,,0.019971,,,,,,,,,,,,,,,,,,,,,,,,,,,,,,,,,,,,,,,,,,,,,,,,,,,,,,,,,,,,,,,,,
"K1788",,,,,,,,,0.365999997,,,,0.0603,0.105800003,0.140200004,,,,,,,,,,,,,,,,,,,,,,,,,,,,,,,,,,,,,,,,,,,,,,,,,,,,,,,,,,,0.327600002,,,,,,,,,,,,,,,,,,,,,
"K2115",,,,,,,,,0.176400006,,,,,,0.093500003,,,,,,,,,,,,,,,,,,,,,,,,,,,,,,,,,,,,,,,,,,,,,,,,,,,,,,,,,,,,,,,,,,,,0.371300012,0.358799994,,,,,,,,,,,
"K227",,,,,,,,,0.163900003,,,,,,0.093500003,,,,,,,,,,,,,,,,,,,,,,,,,,,,,,,,,,,,,,,,,,,,,,,,,,,,,,,,,,,,,,,,,,,,0.742699981,,,,,,,,,,,,
"K229",3,,,,,,,,0.209900007,,,,,,0.140200004,,,,,,,,,,,,,,,,,,,,,,,,,,,,,,,,,,,,,,,,,,,,,,,,,,,,,,,,,,,,,,,,,,,,0.649800003,,,,,,,,,,,,
"K230",,,,,,,,,0.244900003,,,,,0.0265,0.140200004,,,,,,,,,,,,,,,,0.040199999,,,,,,,,,,,,,,,,,,,,,,,,,,0.089599997,,,,,,,,,,,,,,,,,0.040899999,,,,,,,,,0.417699993,,,,,,,,,,,,
"K2307",,,,,,,,,,,,,,0.079383999,0.257106006,,,,,,0.107203998,,0.029975001,,,0.031597,,,,,0.040167999,,,,,,,,,,,,,,,,,,,,,,,,,,,,,,,,,,,,,,,,,,,,,,,,,,,,,,,,,,,,,,,,
"K2307_1",,,,,,,,,0.454600006,,,,,0.079400003,0.257099986,,,,,,0.107199997,,0.029999999,,,0.031599998,,,,,0.040199999,,,,,,,,,,,,,,,,,,,,,,,,,,,,,,,,,,,,,,,,,,,,,,,,,,,,,,,,,,,,,,,,
"K240",,,,,,,,,0.340000004,,,,0.030200001,,0.187000006,,,,,,,,0.059999999,,,,,,,,0.040199999,,,,,,,,,,0.074000001,,,,,,,,,,,,,,,,0.268700004,,,,,,,,,,,,,,,,,,,,,,,,,,,,,,,,,,,,,,
"K2466",,,,,,,,,0.316399992,,,,,,0.205699995,,,,,,,,0.048,,,,,,,,,,,,,,,,,,,,,,,,,,,,,,,,,,0.429899991,,,,,,,,,,,,,,,,,,,,,,,,,,,,,,,,,,,,,,
"K2467",,,,,,,,,0.314300001,,,,,,0.198200002,,,,,,,,0.057599999,,,,,,,,,,,,,,,,,,,,,,,,,,,,,,,,,,0.429899991,,,,,,,,,,,,,,,,,,,,,,,,,,,,,,,,,,,,,,
"K2468",,,,,,,,,0.311199993,,,,,,0.187000006,,,,,,,,0.071900003,,,,,,,,,,,,,,,,,,,,,,,,,,,,,,,,,,0.429899991,,,,,,,,,,,,,,,,,,,,,,,,,,,,,,,,,,,,,,
"K2469",,,,,,,,,0.305900007,,,,,,0.168300003,,,,,,,,0.095899999,,,,,,,,,,,,,,,,,,,,,,,,,,,,,,,,,,0.429899991,,,,,,,,,,,,,,,,,,,,,,,,,,,,,,,,,,,,,,
"K2472",,,,,,,,,,,,,,,0.168288007,,,,,,,,0.059950002,0.033599999,,,,,,,,,,,,,,,,,,,,,,,,,,,,,,,,,0.429899991,,,,,,,,,,,,,,,,,,,,,,,,,,,,,,,,,,,,,,
"K249",,,,,,,,,0.244900003,,,,,0.0265,0.140200004,,,,,,,,,,,,,,,,,,,,,,,,,,,,,,,,,,,,,,,,,,0.089599997,,,,,,,,,,,,,,,,,0.081900001,,,,,,,,,0.394499987,0.022399999,,,,,,,,,,,
"K2496",,,,,,,,,0.323000014,,,,,,0.229100004,,,,,,,,0.017999999,,,,,,,,,,,,,,,,,,,,,,,,,,,,,,,,,,0.429899991,,,,,,,,,,,,,,,,,,,,,,,,,,,,,,,,,,,,,,
"K251",,,,,,,,,0.230199993,,,,,0.0132,0.140200004,,,,,,,,,,,,,,,,,,,,,,,,,,,,,,,,,,,,,,,,,,0.089599997,,,,,,,,,,,,,,,,,0.040899999,,,,,,,,,0.441000015,0.044799998,,,,,,,,,,,
"K252",,,,,,,,,0.308299989,,,,,,0.187000006,,,,,,,,,,,0.031599998,,0.039299998,,0.039900001,0.080300003,,,,,,,,,,,,,,,,,,,,,,,,,,0.313499987,,,,,,,,,,,,,,,,,,,,,,,,,,,,,,,,,,,,,,
"K253",,,,,,,,,0.316399992,,,,,,0.187000006,,,,,,,,,,,0.063199997,,0.0197,,0.02,0.080300003,,,,,,,,,,,,,,,,,,,,,,,,,,0.313499987,,,,,,,,,,,,,,,,,,,,,,,,,,,,,,,,,,,,,,
"K2536",,,,,,,,,0.291299999,,,,,,0.116899997,,,,,,,,0.161899999,,,,,,,,,,,,,,,,,,,,,,,,,,,,,,,,,,0.429899991,,,,,,,,,,,,,,,,,,,,,,,,,,,,,,,,,,,,,,
"K2538",,,,,,,,,0.298000008,,,,,,0.140200004,,,,,,,,0.131899998,,,,,,,,,,,,,,,,,,,,,,,,,,,,,,,,,,0.429899991,,,,,,,,,,,,,,,,,,,,,,,,,,,,,,,,,,,,,,
"K2573",,,,,,,,,0.339300007,,,0.073100001,,,0.223100007,,,,,,,,,,,,,,,,0.034600001,,,,,,,,,,,,,,,,,,,,,,,,,,0.072700001,,,,0.257200003,,,,,,,,,,,,,,,,,,,,,,,,,,,,,,,,,,
"K2575",,,,,,,,,0.336199999,,,0.073100001,,,0.223100007,,,,,,,,,,,,,,,,0.034600001,,,,,,,,,,,,,,,,,,,,,,,,,,0.072700001,,,,,,,,0.26030001,,,,,,,,,,,,,,,,,,,,,,,,,,,,,,
"K2577",,,,,,,,,0.367599994,,,,0.0603,0.105800003,0.140200004,,,,,,,,,,,,,,,,0.080300003,,,,,,,,,,,,,,,,,,,,,,,,,,,,,,,,,,,,,,,,,,,0.245700002,,,,,,,,,,,,,,,,,,,,,
"K2580",3,,,0.046500001,,,,,0.35589999,,,,,,0.187000006,,,,,,,,,,,,,,,,,,0.069399998,,,,,,,,0.074000001,,,,,,,,,,,,,,,,0.089599997,,,,,,,,,,,,,,,,0.084799998,,,,,,,,,,0.092799999,,,,,,,,,,,,
"K2612",,,,,,,,,0.337799996,,,0.073100001,,,0.223100007,,,,,,,,,,,,,,,,0.034600001,,,,,,,,,,,,,,,,,,,,,,,,,,0.072700001,,,,,,0.258700013,,,,,,,,,,,,,,,,,,,,,,,,,,,,,,,,
"K2618",,,,,,,,,0.320899993,,,,0.0603,0.079400003,0.140200004,,,,,,,,,,,,,,,,,,,,,,,,,,,,,,,,,,,,,,,,,,0.134299994,,,,,,,,,,,,,,,,,0.264899999,,,,,,,,,,,,,,,,,,,,,
"K2654",,,,,,,,,0.358999997,,,,,0.132300004,0.116899997,,,,,,0.1787,,,,,,,,,,,,,,,,,,,,,,,,,,,,,,,,,,,,,0.213200003,,,,,,,,,,,,,,,,,,,,,,,,,,,,,,,,,,,,,
"K2754",,,,,,,,,0.195500001,,,,,,,,,,,,,,,,,,,,,0.079899997,,,,,,,,,0.293000013,0.118100002,,,,,,,,,,,,,,,,,0.313499987,,,,,,,,,,,,,,,,,,,,,,,,,,,,,,,,,,,,,,
"K2757",,,,,,,,,0.253300011,,,,,,0.172999993,,,,,,,,,,,,,,,,0.0288,,,,,,,,,,,,,,,,,,,,,,,,,0.350800008,0.0605,,,,,,,0.133699998,,,,,,,,,,,,,,,,,,,,,,,,,,,,,,,
"K309",3.5,,,,,,,,0.387199998,,,,,0.079400003,0.187000006,,,,,,0.107199997,,,,,,0.104900002,,,,,,,,,,,,,,,,,,,,,,,,,,,,,,0.134299994,,,,,,,,,,,,,,,,,,,,,,,,,,,,,,,,,,,,,,
"K3189",3.23,,,,,,,,0.426698685,,,,0.060303591,0.0740951,0.186973974,,,,,,0.100056708,,0.011986858,,,,0.139885098,,,,,,,,,,,,,,,,,,,,,,,,,,,,,,,,,,,,,,,,,,,,,,,,,,,,,,,,,,,,,,,,,,,,
"K326",,,,,,0.093199998,,,0.513499975,,,0.0148,0.181500003,,0.139799997,,,,,,0.0572,,,,,,,,,,,,,,,,,,,,,,,,,,,,,,,,,,,,,,,,,,,,,,,,,,,,,,,,,,,,,,,,,,,,,,,,,,
"K360",,,,,0.032790001,,,,0.419274986,,,,0.054880001,0.096318997,0.127618,,,,,,0.130073994,,,,,,,,,,,,,,,,,,,,0.067367002,,,,,,,,,,0.071676999,,,,,,,,,,,,,,,,,,,,,,,,,,,,,,,,,,,,,,,,,,,,
"K3680",,,,,,,,,0.375842631,,,,0.054273229,0.047632564,0.177625269,0.008728413,,,,,0.064322166,,0.014989728,,,,0.069957435,,0.031431891,,0.072312072,,,,,,,,,,,,,,,,,0.018619169,,,,,,,,,,,,,,,,,,,,,,,,,,,,,,,,,,,0.074265435,,,,,,,,,,,,
"K369",,,,,,,,,0.168400005,,,,,,,,,,,,,,,,,,,,,,,,0.286500007,,,,,,,,,,,,,,,,,,,,,,,,,,,,,,,,,,,,,,,,,,,,,,,,,,0.545099974,,,,,,,,,,,,
"K371",,,,,,,,,0.319299996,,,,,,0.230800003,,,,,,,,,,,,,,,,0.0307,,,,,,,,,,,,,,,,,,,,,,,,,,0.419200003,,,,,,,,,,,,,,,,,,,,,,,,,,,,,,,,,,,,,,
"K373",,,,,,,,,0.423400015,,,0.1043,,,0.318500012,,,,,,,,,,,,,,,,0.049400002,,,,,,,,,,,,,,,,,,,,,,,,,,0.103799999,,,,,,,,,,,,,,,,,,,,,,,,,,,,,,,,,,,,0.0005,,
"K376",,,,,,,,,0.421799988,,,0.103799999,,,0.316599995,,,,,,,,,,,,,,,,0.049199998,,,,,,,,,,,,,,,,,,,,,,,,,,0.103399999,,,,,,,,,,,,,,,,,,,,,,,,,,,,,,,,,,,,0.0053,,
"K378",,,,,,,,,0.416599989,,,0.101899996,,,0.310499996,,,,,,,,,,,,,,,,0.0484,,,,,,,,,,,,,,,,,,,,,,,,,,0.101599999,,,,,,,,,,,,,,,,,,,,,,,,,,,,,,,,,,,,0.021,,
"K408",,,,,,,,,0.213200003,,,,,,0.140200004,,,,,,,,,,,,,,,,,,,,,,,,,,,,,,,,,,,,,,,,,,,,,,,,,0.043200001,,,,,,,,,,,,,,,,,,,0.603399992,,,,,,,,,,,,
"K409",,,,,,,,,0.433899999,,,0.074199997,,0.079400003,0.257099986,,,,,,,,,,,,0.155499995,,,,,,,,,,,,,,,,,,,,,,,,,,,,,,,,,,,,,,,,,,,,,,,,,,,,,,,,,,,,,,,,,,,,
"K411",2.946,,,,,,,,0.423667461,,,,0.088465363,,0.253817171,,,,,,0.11056266,,,,,,0.112087362,,,,,,,,,,,,,,,,,,,,,,,,,,,,,,,,,,,,,,,,,,,,,,,,,,,,,,,,,,,,,,,,,,,,
"K412",3.5,,,,,,,,0.427579969,,,,0.116566837,0.049061541,0.211981744,,,,,,0.108990341,,,,,,0.077419564,,,,,,,,,,,,,,,,,,,,,,,,,,,,,,,,,,,,,,,,,,,,,,,,,,,,,,,,,,,,,,,,,,,,
"K447",3,,,0.023226,,0.233055994,,,0.637872994,,,,,0.105844997,,,,,,,,,,,,,,,,,,,,,,,,,,,,,,,,,,,,,,,,,,,,,,,,,,,,,,,,,,,,,,,,,,,,,,,,,,,,,,,,,
"K456",,,,,,,,,0.204300001,,,,,,0.134499997,,,,,,,,,,,,,,,,,,,,,,,,,,,,,,,,,,,,,,,,,,,,,,,,,,,,,,,,,,,,,,,,,,,,0.661199987,,,,,,,,,,,,
"K489",10,,,,,0.0006,,,0.314900011,,,,,0.0015,0.218600005,,,,,,,,0.0028,,,,0.0032,,,,0.029899999,,,,,,,,,,0.0052,,,,,,,,,,,,,,,,0.393000007,,0.008,,,,,,,,,,,,,,,0.0103,,,,,,,,,0.0119,,,,,,,,,,,,
"K490",,,,0.0217,,0.217500001,,,0.609799981,,,,,0.098899998,0.002,,,,,,,,0.0033,,,,0.0038,,,,,,,,,,,,,,0.0063,,,,,,,,,,,,,,,,,,0.0097,,,,,,,,,,,,,,,0.0125,,,,,,,,,0.0144,,,,,,,,,,,,
"K491",,,,,,0.0003,,,0.166500002,,,,,0.0008,0.0009,,,,,,,,0.0016,,,,0.0018,,,,,,0.263599992,,,,,,,,0.003,,,,,,,,,,,,,,,,,,0.0046,,,,,,,,,,,,,,,0.0059,,,,,,,,,0.550999999,,,,,,,,,,,,
"K493",,,,,,0.0004,,,0.206300005,,,,,0.0011,0.130400002,,,,,,,,0.0019,,,,0.0022,,,,,,,,,,,,,,0.0036,,,,,,,,,,,,,,,,,,0.0055,,,,,,,,,,,,,,,0.0072,,,,,,,,,0.641300023,,,,,,,,,,,,
"K495",1,,,0.0232,,0.233099997,,,0.637899995,,,,,0.105800003,,,,,,,,,,,,,,,,,,,,,,,,,,,,,,,,,,,,,,,,,,,,,,,,,,,,,,,,,,,,,,,,,,,,,,,,,,,,,,,,,
"K496",,,,,,,,,0.537999988,,,,0.054499999,0.0605,,0.34709999,,,,,,,,,,,,,,,,,,,,,,,,,,,,,,,,,,,,,,,,,,,,,,,,,,,,,,,,,,,,,,,,,,,,,,,,,,,,,,,
"K497",,,,,,0.0005,,,0.524500012,,,,0.052099999,0.057799999,0.0013,0.331800014,,,,,,,0.0021,,,,0.0024,,,,,,,,,,,,,,0.004,,,,,,,,,,,,,,,,,,0.0062,,,,,,,,,,,,,,,0.008,,,,,,,,,0.0092,,,,,,,,,,,,
"K508",,,,,,0.092600003,,,0.41139999,,,,,,0.1206,,,,,,,,,,,,,,,,,,,,,,,,0.375400007,,,,,,,,,,,,,,,,,,,,,,,,,,,,,,,,,,,,,,,,,,,,,,,,,,,,,,,,
"K521",,,,0.032499999,,0.211300001,,,0.552699983,,,,,,,,,,,,,,,,,,,,,,,,,,,,,,,,,,,,,,,,,,,,,,,,,,0.203500003,,,,,,,,,,,,,,,,,,,,,,,,,,,,,,,,,,,,
"K523",,,,,,,,,0.207100004,,,,0.001,,0.128999993,0.0025,,,,,,,0.0019,,0.0021,,,,0.0024,,,,0.0029,,,,,,,,0.0036,,,,,,,,,,,,,,,,0.0055,,,,,,,0.006,,,,,,,,,,,,,,,,,,,0.63410002,,,,,,,,0.001,,0.0011,,
"K546",,,,0.021600001,,0.216989994,,,0.612515986,,,,0.001689,0.098647997,,0.00432,,,,,,,0.003357,,0.001437,,,,0.004086,,,,0.005067,,,,,,,,0.006367,,,,,,,,,,,,,,,,0.009583,,,,,,,0.010623,,,,,,,,,,,,,,,,,,,,,,,,,,,0.001582,,0.002035,,
"K711",,,,,,,,,0.293500006,,,0.0185,,,0.215000004,,,,,0.046700001,,,,,,,,,,,,,,,,,,,,,,,,,,,,,,,,,,,,,,,,,,,,,,,,,,,,,,,,,,,,,,,0.420700014,,,,,,,,,,,,
"K873",3.5,,,,,,,,0.254599988,,,,,0.0026,0.114500001,,,,,,,,,,,0.0032,,,,,,,0.170000002,,,,,,,,,,,,,,,,,,,,,,,,0.219400004,,0.0041,,,,,,,,,,,,,,,0.0041,,,,,,,,,0.227400005,,,,,,,,,,,,
"K884",,,,,,,,,0.449999988,,,,0.02,0.115199998,0.223299995,,,,,,0.075499997,,,,,,0.115999997,,,,,,,,,,,,,,,,,,,,,,,,,,,,,,,,,,,,,,,,,,,,,,,,,,,,,,,,,,,,,,,,,,,,
"K919",,,,,,,,,0.318599999,,,,,,0.201000005,,,,,,,,,,0.0068,0.018999999,0.021,0.021299999,0.023600001,0.024,,,,,,,,,,,,,,,,,,,,,,,,,,,0.340299994,,0.0244,,,,,,,,,,,,,,,,,,,,,,,,,,,,,,,,,,,,
"K961",,,,,,,,,0.469799995,,,0.0297,0.030200001,0.058200002,0.299199998,0.0022,,,,0.024900001,0.035700001,,0.012,,,0.0032,0.035,,,,,,,,,,,,,,,,,,,,,,,,,,,,,,,,,,,,,,,,,,,,,,,,,,,,,,,,,,,,,,,,,,,,
"K963",,,,,,,,,0.319200009,,,,0.0014,,0.219899997,0.0036,,,,,,,0.0028,,0.003,,,,0.0034,,0.029999999,,0.0042,,,,,,,,0.0053,,,,,,,,,,,,,,,,0.395200014,,,,,,,0.0088,,,,,,,,,,,,,,,,,,,,,,,,,,,0.0013,,0.0017,,
"K968",,,,,,,,,0.166199997,,,,0.0008,,,0.002,,,,,,,0.0016,,0.0017,,,,0.0019,,,,0.262699991,,,,,,,,0.003,,,,,,,,,,,,,,,,0.0045,,,,,,,0.0049,,,,,,,,,,,,,,,,,,,0.549099982,,,,,,,,0.0008,,0.0009,,
"K970",,,,,,,,,0.379099995,,,,,0.079400003,0.187000006,,,,,0.0166,0.107199997,,,0.0112,,,,,,,,0.0074,,0.0151,,,,,0.126800001,,,,,,,,,,0.0175,,0.015799999,,,,,0.0189,,,,,,,,,,,,,,,,,,,,,,,,,,,,0.017899999,,,,,,,,,,,
"K975",,,,0.0105,,,,,0.396600008,,,,,0.089199997,0.210199997,,,,,0.0187,0.067500003,,,,,,,,,,,,,,,,,0.0206,0.100500003,,,,,,,,,0.0104,,,,,,,,,,,0.018300001,,,,,,,0.0195,,,,,0.0198,,,0.0184,,,,,,,,,,,,,,,,,,,,,
"K978",,,,,,,,,0.393900007,,,,0.0136,0.089199997,0.210199997,,,,,0.0187,0.067500003,,0.0067,,,,,,,,,,,,,,,0.0206,0.100500003,,,,,,,,,,,,,,,,,0.021199999,,0.019200001,,,,,,0.019400001,0.0195,,,,,,,,,,,,,,,,,,,,,,,,,,,,,,
"K979",4,,,0.010452,,,,,0.405582011,,,,,0.089227997,0.210171998,,,,,0.018678,0.067466997,,0.013489,,,,,,,,,,,,,,,,0.100541003,,,0.015729001,,,,,,,,,,0.008431,,,,0.021221999,,,,,,,0.019404,,,,0.019605,,,,,,,,,,,,,,,,,,,,,,,,,,,,
"Kaersutite",,0.0022,,,,,,,0.428299993,,,0.018100001,0.0757,0.065399997,0.187399998,,,,,0.0097,0.082599998,,0.030200001,,,0.0014,0.095100001,,,,,,,,,,,,,,,,,,,,,,,,,,,,,,,,,,,,,,,,,,,,,,,,,,,,,,,,,,,,,,,,,,,,
"Kamacite",,,,,,,,,,,,,,,,,,,,,,,,,,,0.939999998,,0.059999999,,,,,,,,,,,,,,,,,,,,,,,,,,,,,,,,,,,,,,,,,,,,,,,,,,,,,,,,,,,,,,,,,,
"Kyanite",,,,,,,,,0.493669748,,,,,0.333011717,0.17331852,,,,,,,,,,,,,,,,,,,,,,,,,,,,,,,,,,,,,,,,,,,,,,,,,,,,,,,,,,,,,,,,,,,,,,,,,,,,,,,,
"Lanthanum Oxide",,,,,,,,,0.147319973,,,,,,,,,,,,,,,,,,,,,,,,,,,,,,,,,,,,,,,,,,,,,,,,,0.852680027,,,,,,,,,,,,,,,,,,,,,,,,,,,,,,,,,,,,,
"Lead Fluoride",,,,,,,,,,0.15496175,,,,,,,,,,,,,,,,,,,,,,,,,,,,,,,,,,,,,,,,,,,,,,,,,,,,,,,,,,,,,,,,,,,,,,,,,0.845038235,,,,,,,,,,,,
"Lead Oxide",,,,,,,,,0.071682096,,,,,,,,,,,,,,,,,,,,,,,,,,,,,,,,,,,,,,,,,,,,,,,,,,,,,,,,,,,,,,,,,,,,,,,,,,0.928317904,,,,,,,,,,,,
"Lead glass",,,,,,,,,0.241999999,,,,,,0.162699997,,,,,0.056899998,,,,,,,,,,,,,,,,,,,,,,,,,,,,,,,,,,,,,,,,,,,,,,,,,,,,,,,,,,,,,,,0.538399994,,,,,,,,,,,,
"Lithium Fluoride",,,,0.267589331,,,,,,0.732410669,,,,,,,,,,,,,,,,,,,,,,,,,,,,,,,,,,,,,,,,,,,,,,,,,,,,,,,,,,,,,,,,,,,,,,,,,,,,,,,,,,,,,
"Lithium Niobate",,,,0.046947755,,,,,0.324651718,,,,,,,,,,,,,,,,,,,,,,,,,,,,,,,,,0.628400505,,,,,,,,,,,,,,,,,,,,,,,,,,,,,,,,,,,,,,,,,,,,,,,,,,,,,
"Lithium Tantalate",,,,0.029425094,,,,,0.203479543,,,,,,,,,,,,,,,,,,,,,,,,,,,,,,,,,,,,,,,,,,,,,,,,,,,,,,,,,,,,,,,,,0.767095387,,,,,,,,,,,,,,,,,,,,,
"Lutetium Silicide",,,,,,,,,,,,,,,0.243019328,,,,,,,,,,,,,,,,,,,,,,,,,,,,,,,,,,,,,,,,,,,,,,,,,,,,,,,,,0.756980658,,,,,,,,,,,,,,,,,,,,,,,
"MA957",,,,,,0.00001,0.0001,0.00036,0.00202,,,,,0.0008,0.0004,0.00006,0.00004,,,,,,0.0092,,0.143399999,0.0005,0.833710015,,0.0032,0.0002,,,,,,,,,,0.0026,,0.0004,0.0029,,,,,,,,,,,,,,,,,,,,,,,,,,,,,,,,0.0001,,,,,,,,,,,,,,,,,,,,
"Magnesium Fluoride",,,,,,,,,,0.609877825,,,0.390122145,,,,,,,,,,,,,,,,,,,,,,,,,,,,,,,,,,,,,,,,,,,,,,,,,,,,,,,,,,,,,,,,,,,,,,,,,,,,,,,,,,
"Magnesium Tin",,,,,,,,,,,,,0.290521145,,,,,,,,,,,,,,,,,,,,,,,,,,,,,,,,,,,,,,0.709478855,,,,,,,,,,,,,,,,,,,,,,,,,,,,,,,,,,,,,,,,,,,,
"Magnetite",,,,,,,,,0.276408583,,,,,,,,,,,,,,,,,,0.723591387,,,,,,,,,,,,,,,,,,,,,,,,,,,,,,,,,,,,,,,,,,,,,,,,,,,,,,,,,,,,,,,,,,,,
"Manganese Fluoride",,,,,,,,,,0.408849299,,,,,,,,,,,,,,,,0.591150701,,,,,,,,,,,,,,,,,,,,,,,,,,,,,,,,,,,,,,,,,,,,,,,,,,,,,,,,,,,,,,,,,,,,,
"Manganese Titanate",,,,,,,,,0.318283707,,,,,,,,,,,,,,0.317413688,,,0.364302605,,,,,,,,,,,,,,,,,,,,,,,,,,,,,,,,,,,,,,,,,,,,,,,,,,,,,,,,,,,,,,,,,,,,,
"Marja Olivine",3.3,,,,,,,,0.432999998,,,,0.289999992,,0.187999994,,,,,,,,,,,0.002,0.086999997,,,,,,,,,,,,,,,,,,,,,,,,,,,,,,,,,,,,,,,,,,,,,,,,,,,,,,,,,,,,,,,,,,,,
"Maureen's NiTa alloy",8.908,,,,,,,,,,,,,,,,,,,,,,,,,,,,0.769999981,,,,,,,,,,,,,,,,,,,,,,,,,,,,,,,,,,,,,,,,,,,,,0.230000004,,,,,,,,,,,,,,,,,,,,,
"Maureen's NiW alloy",9,,,,,,,,,,,,,,,,,,,,,,,,,,,,0.860000014,,,,,,,,,,,,,,,,,,,,,,,,,,,,,,,,,,,,,,,,,,,,,,0.140000001,,,,,,,,,,,,,,,,,,,,
"Misch",,,,,,,0.109999999,,,,,,,,0.109999999,,,,,,,,,,,0.109999999,0.109999999,0.109999999,,0.109999999,,,,,,,,,,,,,0.109999999,,,,,,0.109999999,,,,,,,,,,,,,,,,,,,,,,,,,,,,,,0.119999997,,,,,,,,,,,,,,,,
"Molybdate",,,,,,,,,0.319963038,,,,,,,,,,,,0.200374365,,,,,,,,,,,,,,,,,,,,,,0.479662597,,,,,,,,,,,,,,,,,,,,,,,,,,,,,,,,,,,,,,,,,,,,,,,,,,,,
"Molybdenite",,,,,,,,,,,,,,,,,0.400637209,,,,,,,,,,,,,,,,,,,,,,,,,,0.599362791,,,,,,,,,,,,,,,,,,,,,,,,,,,,,,,,,,,,,,,,,,,,,,,,,,,,
"Molybdenum Oxide",,,,,,,,,0.333463937,,,,,,,,,,,,,,,,,,,,,,,,,,,,,,,,,,0.666536033,,,,,,,,,,,,,,,,,,,,,,,,,,,,,,,,,,,,,,,,,,,,,,,,,,,,
"Monazite",,,,,,,,,0.270799994,,,,,,0.007,0.124399997,,,,,0.004,,,,,,,,,,,,,,,,,,,0.0051,,,,,,,,,,,,,,,,,,0.135600001,0.29460001,0.033300001,0.0814,,0.0086,0.001,0.0039,0.0003,0.001,,,,,,,,,,,,,,,,,,,,,,,,0.027899999,,,,
"Monazite-Ce",5.4,,,,,,,,0.272229016,,,,,,,0.131754264,,,,,,,,,,,,,,,,,,,,,,,,,,,,,,,,,,,,,,,,,,,0.596016705,,,,,,,,,,,,,,,,,,,,,,,,,,,,,,,,,,,,
"Muscovite",2.76,0.005061107,,,,,,,0.482020825,,,,,0.203221112,0.21153599,,,,,0.098160945,,,,,,,,,,,,,,,,,,,,,,,,,,,,,,,,,,,,,,,,,,,,,,,,,,,,,,,,,,,,,,,,,,,,,,,,,,,
"NIST K1",,,,0.084544003,,0.018643999,,,0.432098001,0.0146,,,0.006031,,0.210359007,,,0.0167,,0.008301,,,0.008992,,,,,,,,0.013427,,,,,0.0184,,,,,0.014806,,,,,,,,,,0.023630001,,0.01599,,,,0.026869001,,,,0.017146001,,,,,,,,,,0.017563,,0.016960001,,0.023789,,,,,,,,0.027849,,,,,,,,,,,,
"NIST K1001",,,,,,,,,0.394688994,,,0.016692,0.013569,0.089227997,0.210171998,,,,,0.018678,0.067466997,,,,,,,,,,,,,,,,,0.020574,0.100541003,,,,,,,,,,,,,,,,,,,,,0.019224999,0.01929,,,,,,,,0.019677,,,,,,,,,,,,,,0.010397,,,,,,,,,,,,
"NIST K1008",,,,,,,,,0.386759996,,,0.016692,,0.089227997,0.210171998,,,,,,0.067466997,,,,,,,,,,,,,,,,,0.020574,0.100541003,,0.008291,,,,,,,,,,,,,,,0.021221999,0.020152001,,,,,,,,,,,0.019641001,,0.019701,0.019758999,,,,,,,,,,,,,,,,,,,,,,,,
"NIST K1010",,,,,,,,,0.389609993,,,,,0.089227997,0.210171998,,,,,0.018678,0.067466997,,,,,,,,,,,,0.015616,,,,,0.020574,0.100541003,,,,,,,,,,,,,,0.008954,,,0.021221999,,0.019184999,,,,,,0.019432001,0.01952,,,,,,,,,,,,,,,,,,,,,,,,,,,,,,
"NIST K1012",,,,,,,,,0.393415987,,,0.014837,0.090461001,0.079383999,0.186985999,0.006284,,,,0.016603,0.004002,,,,,,,,,,,0.014878,,,0.007116,,,,,,,,,,,,,,,0.016542001,,,,,,0.018864,0.134343997,,0.016280999,,,,,,,,,,,,,,,,,,,,,,,,,,,,,,,,,,,,
"NIST K1013",,,,,,,,,0.52590698,,,,0.052407,0.058215,,0.334006011,,,,,,,0.002158,,0.002326,,,,0.002593,,,,0.003262,,,,,,,,0.004072,,,,,,,,,,,,,,,,0.00609,,,,,,,0.006736,,,,,,,,,,,,,,,,,,,,,,,,,,,0.001055,,0.001272,,
"NIST K1053",,,,,,,,,0.161346003,0.00387,,,,,0.093493,,,0.00637,,,,,,,,,,,,,,,,,,0.0109,,,,,,,,,,,,,,,,,,0.0137,,,,,,,,,,,,,,,,,,,,,,,,,,,,,0.710160971,,,,,,,,,,,,
"NIST K1070",,,,,,,,,0.343086004,,,,0.075384997,,0.186985999,,,,,,0.089336999,,,,,,,,,,0.100420997,,,,,,,,,,,,,,,,,,,,,,,,,,0.111954004,,,,,,,,,,,,,,,,,,,,,,,,,,0.092831999,,,,,,,,,,,,
"NIST K1080",,,,0.027871,,0.006215,,,0.416458994,,,,0.012062,0.079383999,0.186985999,,,,,,0.107203998,,0.01199,,,,,,,,,,,,,,,,0.126837999,,0.007403,,,,,,,,,,,,,,,,,,,,,,,,,,,,,,,0.017588001,,,,,,,,,,,,,,,,,,,,,,,
"NIST K1092",,,,0.092905,,,,,0.509371996,,,,,0.052923001,0.303853005,,,,,,,,,,,,,,,,,,,,,,,,,,,,,,,,,,,,,,,,,,,,,,,,,,,,,,,,,,,0.040948,,,,,,,,,,,,,,,,,,,,,
"NIST K1098",,,,0.023226,,0.201982006,,,0.576115012,,,,,0.105844997,,,,,,,,,,,,,,,,,,,,,,,,,,,,,,,,,,,,,,,,,,,,,,,,,,,,,,,,,,,,,,,,,,,,,0.092831999,,,,,,,,,,,,
"NIST K1111 HAS PT WIRES EMBEDDED",,,,,,0.055932999,,,0.44087401,,,,,0.105844997,0.186985999,,,,,,0.014294,,,,,,,,,,0.016067,,,,,,,,,,,,,,,,,,,,,,,,,,,,,,,,,,,,,,,,,,,,,,,,,,,,,,,,,,,,,,,,
"NIST K1132",,,,0.023226,,,,,0.413394004,,,,,0.079383999,0.213864997,,,,,,0.107203998,,,,0.005132,,,,0.011788,,,,,,,,,,,,,,0.016663,,,,,,,,,,,,,,0.134343997,,,,,,,,,,,,,,,,,,,,,,,,,,,,,,,,,,,,,,
"NIST K1228",,,,0.013936,,,,,0.375256985,,,0.022256,,0.079383999,0.186985999,,,,,0.024904,0.107203998,,,,,,,,,,,,,,,,,0.027432,,,,,,,,,,,,,,,,,,0.028297,0.134343997,,,,,,,,,,,,,,,,,,,,,,,,,,,,,,,,,,,,,,
"NIST K1229",,,,,,,,,0.410165012,,,,0.017729999,0.093409002,0.219989002,,,,,,0.105131,,,,,,,,,,,,,,,,,,0.074580997,,,,,,,,,,,,,,,,,,0.078994997,,,,,,,,,,,,,,,,,,,,,,,,,,,,,,,,,,,,,,
"NIST K1234",,,,,,,,,0.39852801,,,,,0.091503002,0.215595007,,,,,,0.123570003,,,,,,,,,,,,,,,,,,,,,,,,,,,,,,,,,,,,0.154944003,,,,,,,,,,,,,,,,,,0.015859,,,,,,,,,,,,,,,,,,,,
"NIST K1235",,,,,,,,,0.391732007,,,,,0.088592999,0.211575001,,,,,,0.121498004,,,,,,,,,,,,,,,,,,,,,,,,,,0.017386001,,,,,,,,,,0.152256995,,,,,,,,,,,,,,,,0.016960001,,,,,,,,,,,,,,,,,,,,,,
"NIST K1236",,,,,,,,,0.212669,,,,,,,,,,,,,0.00652,,,,,,,,,,,0.409485996,,,,,,,,,,,,,,,,,,,,,,,,,,,,,,,,,,,,,,,,,,,,,,,,,,0.371325999,,,,,,,,,,,,
"NIST K133",,,,,,,,,0.421689004,,,0.103859,,,0.316661,,,,,,,,,,,,,,,,0.049166001,,,,,,,,,,,,,,,,,,,,,,,,,,0.103355996,,,,,,,,,,,,,,0.005269,,,,,,,,,,,,,,,,,,,,,,,,
"NIST K137",,,,,,,,,0.384359986,,,0.093028001,,,0.274589002,,,,,,,,,,,,,,,,0.044025,,,,,,,,,,,0.01804,,,,,,,,,,,,,,,0.092607997,,,,,,,,,,,,,,0.093350001,,,,,,,,,,,,,,,,,,,,,,,,
"NIST K140",,,,,,,,,0.382939011,,,0.093028001,,,0.274589002,,,,,,,,,,,,,,,,0.044025,,,,,,,,,,,,,,,,,,,,,,,,,,0.092607997,,,,0.019461,,,,,,,,,,0.093350001,,,,,,,,,,,,,,,,,,,,,,,,
"NIST K1406",,,,,,,,,0.269472986,,,,,,0.158938006,,,,,,,,,,,,,,,,0.128538996,,,,,,,,,,,,,,,,,,,,,,,,,,0.358251989,,,,,,,,,,,,,,,,0.084798001,,,,,,,,,,,,,,,,,,,,,,
"NIST K1418",,,,0.034839001,,0.023305999,,,0.36015901,,,,,0.026461,,,,,,,,,,,,,,,,,,,0.555235028,,,,,,,,,,,,,,,,,,,,,,,,,,,,,,,,,,,,,,,,,,,,,,,,,,,,,,,,,,,,,,
"NIST K1420",,,,,,,,,0.50821799,,,0.112761997,,0.051123001,,0.327897012,,,,,,,,,,,,,,,,,,,,,,,,,,,,,,,,,,,,,,,,,,,,,,,,,,,,,,,,,,,,,,,,,,,,,,,,,,,,,,,
"NIST K1421",,,,0.092905,,0.015537,,,0.540959001,,,,,,0.350598991,,,,,,,,,,,,,,,,,,,,,,,,,,,,,,,,,,,,,,,,,,,,,,,,,,,,,,,,,,,,,,,,,,,,,,,,,,,,,,,,
"NIST K1502",,,,,,,,,0.431326002,,,0.065283,0.060307998,,0.252431005,,,,,0.004151,0.003573,,0.004196,,,0.003872,0.174859002,,,,,,,,,,,,,,,,,,,,,,,,,,,,,,,,,,,,,,,,,,,,,,,,,,,,,,,,,,,,,,,,,,,,
"NIST K1506",,,,,,,,,0.186954007,,,,,,,,,,,,,,,,0.003803,,0.003495,,0.00187,,,0.00469,,,,,,,,,0.003083,,,,,,,,,,0.009427,,0.645103991,,,,0.117751002,,,,,,,,,,,,,,0.009861,,,,,,,,,,,,0.013962,,,,,,,,,,,,
"NIST K1526",,,,0.039080001,,,,,0.327405006,0.202739999,,0.054749999,0.039019998,0.061349999,,0.211245,,,,,,,,,,,,,,,,,,,,0.064410001,,,,,,,,,,,,,,,,,,,,,,,,,,,,,,,,,,,,,,,,,,,,,,,,,,,,,,,,,,,
"NIST K1527",,,,0.044950001,,,,,0.327405006,0.202739999,,0.054749999,0.039019998,0.061349999,,0.211245,,0.058540002,,,,,,,,,,,,,,,,,,,,,,,,,,,,,,,,,,,,,,,,,,,,,,,,,,,,,,,,,,,,,,,,,,,,,,,,,,,,,
"NIST K1546",,,,,,,,,0.432597995,,,,0.072369002,0.050515,0.182311997,0.028168,,,,,0.085763,,0.029975001,0.011203,,0.012639,,0.014212,,0.015977001,0.064268999,,,,,,,,,,,,,,,,,,,,,,,,,,,,,,,,,,,,,,,,,,,,,,,,,,,,,,,,,,,,,,,,
"NIST K157",,,,,,,,,0.355453014,,,0.064153001,,,0.226814002,,,,,,,,,,,,,,,,0.038240001,,,,,,,,,,,,,,,,,,,,,,,,,,0.080338001,,,,,,,,,,,,0.234901994,,,,,,,,,,,,,,,,,,,,,,,,,,
"NIST K1597",,,,,,,,,0.432875991,,,,0.120614998,,0.280479014,,,,,0.166030005,,,,,,,,,,,,,,,,,,,,,,,,,,,,,,,,,,,,,,,,,,,,,,,,,,,,,,,,,,,,,,,,,,,,,,,,,,,
"NIST K1601",,,,,,,,,0.435173988,,,0.074184999,,0.079383999,0.217371002,,,,,,0.107203998,,,0.028007001,,0.031597,,0.007106,,0.019971,,,,,,,,,,,,,,,,,,,,,,,,,,,,,,,,,,,,,,,,,,,,,,,,,,,,,,,,,,,,,,,,,
"NIST K1610",,,,,,,,,0.376623005,,,0.100149997,,0.052923001,0.191661,,,,,0.083015002,,,0.029975001,,,,0.034972001,,0.003929,,0.080337003,,,,,,,,,,,,,,,,,,,,,,,,,,,,,,,,,,,,,,,,,,,,,,,,,,,,0.046416,,,,,,,,,,,,
"NIST K1713",,,,,,,,,0.434574008,,,0.037092999,,,0.280479014,,,,,,0.142939001,,,,,,0.104915,,,,,,,,,,,,,,,,,,,,,,,,,,,,,,,,,,,,,,,,,,,,,,,,,,,,,,,,,,,,,,,,,,,,
"NIST K1714",,,,,,,,,0.433216006,,,0.074184999,,,0.280479014,,,,,,0.107203998,,,,,,0.104915,,,,,,,,,,,,,,,,,,,,,,,,,,,,,,,,,,,,,,,,,,,,,,,,,,,,,,,,,,,,,,,,,,,,
"NIST K1716",,,,,,,,,0.431858003,,,0.111277997,,,0.280479014,,,,,,0.071469001,,,,,,0.104915,,,,,,,,,,,,,,,,,,,,,,,,,,,,,,,,,,,,,,,,,,,,,,,,,,,,,,,,,,,,,,,,,,,,
"NIST K1718",,,,,,,,,0.430500001,,,0.148369998,,,0.280479014,,,,,,0.035735,,,,,,0.104915,,,,,,,,,,,,,,,,,,,,,,,,,,,,,,,,,,,,,,,,,,,,,,,,,,,,,,,,,,,,,,,,,,,,
"NIST K1723",,,,,,,,,0.435252994,,,0.018546,,,0.280479014,,,,,,0.160806,,,,,,0.104915,,,,,,,,,,,,,,,,,,,,,,,,,,,,,,,,,,,,,,,,,,,,,,,,,,,,,,,,,,,,,,,,,,,,
"NIST K1727",,,,,,,,,0.468858987,,,0.029673999,0.030153999,0.058215,0.299178004,,,,,0.024904,0.035735,,0.01199,,,0.006319,0.034972001,,,,,,,,,,,,,,,,,,,,,,,,,,,,,,,,,,,,,,,,,,,,,,,,,,,,,,,,,,,,,,,,,,,,
"NIST K1732",,,,0.023226,,,,,0.469826013,,,,,0.052923001,0.303853005,,,,,0.099618003,,,,,,0.050554,,,,,,,,,,,,,,,,,,,,,,,,,,,,,,,,,,,,,,,,,,,,,,,,,,,,,,,,,,,,,,,,,,,,,
"NIST K1788",,,,,,,,,0.366021991,,,,0.060307998,0.105844997,0.140239999,,,,,,,,,,,,,,,,,,,,,,,,,,,,,,,,,,,,,,,,,,,,,,,,,,,,,,,,,,,0.327585012,,,,,,,,,,,,,,,,,,,,,
"NIST K1807",,,,,,,,,0.276897013,,,,,,0.140239999,,,,,,,,,,,,,,,,0.120504998,,0.104107,,,,,,,,,,,,,,,,,,,,,,,,0.358251989,,,,,,,,,,,,,,,,,,,,,,,,,,,,,,,,,,,,,,
"NIST K2",,,,,,,,,0.186082006,,,,,,,,,,,,,,,,,,,,,,,,,,,,,,,,,,,,,,,,,,,,0.679574013,,,,0.134343997,,,,,,,,,,,,,,,,,,,,,,,,,,,,,,,,,,,,,,
"NIST K2084",,,,,,,,,0.334105998,,,,,,0.186985999,,,,,0.083015002,,,0.059950002,,,,0.069944002,,,,0.080337003,,,,,,,,,,,,,,,,,,,,,,,,,,,,,,,,,,,,,,,,,,,,,,,,,,,,0.185663,,,,,,,,,,,,
"NIST K2115",,,,,,,,,0.176382005,,,,,,0.093493,,,,,,,,,,,,,,,,,,,,,,,,,,,,,,,,,,,,,,,,,,,,,,,,,,,,,,,,,,,,,,,,,,,,0.371325999,0.358797997,,,,,,,,,,,
"NIST K2139",,,,,,,,,0.488490999,,,0.089022003,,0.095261,0.327226013,,,,,,,,,,,,,,,,,,,,,,,,,,,,,,,,,,,,,,,,,,,,,,,,,,,,,,,,,,,,,,,,,,,,,,,,,,,,,,,,
"NIST K2153",,,,,,,,,0.479247987,,,0.089022003,,0.047630001,0.327226013,,,,,,,,,,,0.056874,,,,,,,,,,,,,,,,,,,,,,,,,,,,,,,,,,,,,,,,,,,,,,,,,,,,,,,,,,,,,,,,,,,,,
"NIST K2155",,,,,,,,,0.470005006,,,0.089022003,,,0.327226013,,,,,,,,,,,0.113747001,,,,,,,,,,,,,,,,,,,,,,,,,,,,,,,,,,,,,,,,,,,,,,,,,,,,,,,,,,,,,,,,,,,,,
"NIST K2160",,,,,,,,,0.473172009,,,0.089022003,,0.047630001,0.327226013,,,,,,,,,,,,0.062949002,,,,,,,,,,,,,,,,,,,,,,,,,,,,,,,,,,,,,,,,,,,,,,,,,,,,,,,,,,,,,,,,,,,,
"NIST K2166",,,,,,,,,0.457852989,,,0.089022003,,,0.327226013,,,,,,,,,,,,0.125899002,,,,,,,,,,,,,,,,,,,,,,,,,,,,,,,,,,,,,,,,,,,,,,,,,,,,,,,,,,,,,,,,,,,,
"NIST K2207",,,,,,,,,0.48319301,,,0.044511002,,0.095261,0.327226013,,,,,0.049809001,,,,,,,,,,,,,,,,,,,,,,,,,,,,,,,,,,,,,,,,,,,,,,,,,,,,,,,,,,,,,,,,,,,,,,,,,,,
"NIST K2257",,,,,,0.111867003,,,0.386779994,,,,,,0.042072002,,,,,,,,,,,,,,,,,,,,,,,,0.380515009,,,,,,,,,,,,0.078766003,,,,,,,,,,,,,,,,,,,,,,,,,,,,,,,,,,,,,,,,,,,,
"NIST K227",,,,,,,,,0.163855001,,,,,,0.093493,,,,,,,,,,,,,,,,,,,,,,,,,,,,,,,,,,,,,,,,,,,,,,,,,,,,,,,,,,,,,,,,,,,,0.742651999,,,,,,,,,,,,
"NIST K229",,,,,,,,,0.209940001,,,,,,0.140239999,,,,,,,,,,,,,,,,,,,,,,,,,,,,,,,,,,,,,,,,,,,,,,,,,,,,,,,,,,,,,,,,,,,,0.649820983,,,,,,,,,,,,
"NIST K230",,,,,,,,,0.244877994,,,,,0.026461,0.140239999,,,,,,,,,,,,,,,,0.040167999,,,,,,,,,,,,,,,,,,,,,,,,,,0.089562997,,,,,,,,,,,,,,,,,0.040948,,,,,,,,,0.417742014,,,,,,,,,,,,
"NIST K2307 THIS IS SAME AS K2375",,,,,,,,,0.454566002,,,,,0.079383999,0.257106006,,,,,,0.107203998,,0.029975001,,,0.031597,,,,,0.040167999,,,,,,,,,,,,,,,,,,,,,,,,,,,,,,,,,,,,,,,,,,,,,,,,,,,,,,,,,,,,,,,,
"NIST K2368",,,,,,,,,0.330098987,,,,,,0.246447995,,,,,,,,,,,,,,,,,,,,,,,,,,,,,,,,,,,,,,,,,,0.423453987,,,,,,,,,,,,,,,,,,,,,,,,,,,,,,,,,,,,,,
"NIST K2373",,,,,,,,,0.411397994,,,0.074184999,,0.026461,0.287490994,,,,,,,,,,,,,,0.011788,,,,,0.037868999,,,,,,,,,0.003333,,,,,,0.013131,,,,,,,,0.134343997,,,,,,,,,,,,,,,,,,,,,,,,,,,,,,,,,,,,,,
"NIST K2375 SEE GLASS 2307 NIST K2380",,,,0.069678999,,,,,0.484528989,,,,,,0.316942006,,,,,,0.001429,,,,,,0.003497,,,,,,,,,,,,,,0.111045003,,,,,,,,,,,,,,,,0.000896,,,,,,,,,,,,,,,,0.00848,,,,,,,,,,0.000928,,,,,,,,0.000879,,0.001696,,
"NIST K2384",,,,,,,,,0.375209987,,,,,,0.214099005,,,,,0.117881,,,0.079732999,,,,0.092326,,,,0.025707999,,,,,,,,,,,,,,,,,,,,,,,,,,,,,,,,,,,,,,,,,,,,,,,,,,,,0.103042997,,,,,,,,,,,,
"NIST K240",,,,,,,,,0.340023011,,,,0.030153999,,0.186985999,,,,,,,,0.059950002,,,,,,,,0.040167999,,,,,,,,,,0.074029997,,,,,,,,,,,,,,,,0.268689007,,,,,,,,,,,,,,,,,,,,,,,,,,,,,,,,,,,,,,
"NIST K2422",,,,0.069678999,,0.046611,,,0.458267003,,,,,0.026461,0.186985999,,,,,,,,,,,,,,,,,,,,,,,,,,,,,,,,,,,,,,,,,,,,,,,,,,,,,,,,,,,,,,,,,,,,,,,,,,,,,,0.211995006,,
"NIST K2437",,,,,,,,,0.178809002,,,,,,,,,,,,,,,,,,,,,,,,,,,,,,,,,,,,,,,,,,,,0.559648991,,,,0.134343997,,,,,,,,,,,,,,,,,,,,,,,,,,,,,,,,,,,,0.127196997,,
"NIST K2450",,,,,,,,,0.426634014,,,,,0.158767998,0.140239999,,,,,,0.214407995,,0.059950002,,,,,,,,,,,,,,,,,,,,,,,,,,,,,,,,,,,,,,,,,,,,,,,,,,,,,,,,,,,,,,,,,,,,,,,,
"NIST K2451",,,,,,,,,0.430568993,,,,,0.158767998,0.140239999,,,,,,0.214407995,,,0.056015,,,,,,,,,,,,,,,,,,,,,,,,,,,,,,,,,,,,,,,,,,,,,,,,,,,,,,,,,,,,,,,,,,,,,,,
"NIST K2462",,,,,,,,,0.316549987,,,,,,0.186985999,,,,,,,,,,,0.031597,,0.071060002,,,0.080337003,,,,,,,,,,,,,,,,,,,,,,,,,,0.313470006,,,,,,,,,,,,,,,,,,,,,,,,,,,,,,,,,,,,,,
"NIST K2463",,,,,,,,,0.307725996,,,,,,0.186985999,,,,,,,,,,,0.031597,,,,0.079884,0.080337003,,,,,,,,,,,,,,,,,,,,,,,,,,0.313470006,,,,,,,,,,,,,,,,,,,,,,,,,,,,,,,,,,,,,,
"NIST K2466",,,,,,,,,0.31645301,,,,,,0.205685005,,,,,,,,0.047959998,,,,,,,,,,,,,,,,,,,,,,,,,,,,,,,,,,0.429901987,,,,,,,,,,,,,,,,,,,,,,,,,,,,,,,,,,,,,,
"NIST K2467",,,,,,,,,0.314341009,,,,,,0.198204994,,,,,,,,0.057551999,,,,,,,,,,,,,,,,,,,,,,,,,,,,,,,,,,0.429901987,,,,,,,,,,,,,,,,,,,,,,,,,,,,,,,,,,,,,,
"NIST K2468",,,,,,,,,0.311172009,,,,,,0.186985999,,,,,,,,0.071939997,,,,,,,,,,,,,,,,,,,,,,,,,,,,,,,,,,0.429901987,,,,,,,,,,,,,,,,,,,,,,,,,,,,,,,,,,,,,,
"NIST K2469",,,,,,,,,0.305889994,,,,,,0.168288007,,,,,,,,0.095919997,,,,,,,,,,,,,,,,,,,,,,,,,,,,,,,,,,0.429901987,,,,,,,,,,,,,,,,,,,,,,,,,,,,,,,,,,,,,,
"NIST K2472",,,,,,,,,0.308250993,,,,,,0.168288007,,,,,,,,0.059950002,0.033608999,,,,,,,,,,,,,,,,,,,,,,,,,,,,,,,,,0.429901987,,,,,,,,,,,,,,,,,,,,,,,,,,,,,,,,,,,,,,
"NIST K2475 (ISOTOPIC; NOT EXACT)",,,,0.065033004,,,,,0.437884003,,,,,0.042337999,0.280479014,,,,,,,,,,,,,,,,,,,,,,,,,,,,,,,,,,,,,,,,,,,,,,,,,,,,,,,,,,,,,,,,,,,,0.074265003,,,,,,,,,,,,
"NIST K2479",,,,0.069678999,,0.046611,,,0.472083986,,,,,,0.222046003,,,,,,,,,,,,,,,,0.040167999,,,,,,,,,,0.037014998,,,,,,,,,,,,,,,,0.044780999,,,,,,,,,,,,,,,,0.021199999,,,,,,,,,,0.046416,,,,,,,,,,,,
"NIST K249",,,,,,,,,0.244881004,,,,,0.026461,0.140239999,,,,,,,,,,,,,,,,,,,,,,,,,,,,,,,,,,,,,,,,,,0.089562997,,,,,,,,,,,,,,,,,0.081896,,,,,,,,,0.394533992,0.022425,,,,,,,,,,,
"NIST K2492",,,,0.092905,,0.05438,,,0.520335972,,,,,0.018523,0.229057997,,,,,,,,,,,,,,,,,,,,,,,,,,,,,,,,,,,,,,,,,,,,,,,,,,,,,,,,,,,,,,,,,,,,,,,,,,,,,,0.084798001,,
"NIST K2496",,,,,,,,,0.323054999,,,,,,0.229057997,,,,,,,,0.017984999,,,,,,,,,,,,,,,,,,,,,,,,,,,,,,,,,,0.429901987,,,,,,,,,,,,,,,,,,,,,,,,,,,,,,,,,,,,,,
"NIST K2500",,,,0.033631999,,,,,0.424313992,,,,,0.042337999,0.280479014,,,,,,,,,,,,,,,,,,,,,,,,,,,,,,,,,,,,,,,,,,,,,,,,,,,,,,,,,,,,,,,,,,,,0.167097002,,,,,,,,,,,,
"NIST K2501",,,,0.059551999,,,,,0.445051998,,,,,0.042337999,0.280479014,,,,,,,,,,,,,,,,,,,,,,,,,,,,,,,,,,,,,,,,,,,,,,,,,,,,,,,,,,,,,,,,,,,,0.167097002,,,,,,,,,,,,
"NIST K2503 ISOTOPIC GLASS",,,,0.065033004,,,,,0.445051998,,,,,0.042337999,0.280479014,,,,,,,,,,,,,,,,,,,,,,,,,,,,,,,,,,,,,,,,,,,,,,,,,,,,,,,,,,,,,,,,,,,,0.167097002,,,,,,,,,,,,
"NIST K251",,,,,,,,,0.230219007,,,,,0.013231,0.140239999,,,,,,,,,,,,,,,,,,,,,,,,,,,,,,,,,,,,,,,,,,0.089562997,,,,,,,,,,,,,,,,,0.040948,,,,,,,,,0.440950006,0.044849999,,,,,,,,,,,
"NIST K252",,,,,,,,,0.30834499,,,,,,0.186985999,,,,,,,,,,,0.031597,,0.039322998,,0.039942,0.080337003,,,,,,,,,,,,,,,,,,,,,,,,,,0.313470006,,,,,,,,,,,,,,,,,,,,,,,,,,,,,,,,,,,,,,
"NIST K2523",,,,0.046452001,,0.031074001,,,0.381392002,,,,,,0.186985999,,,,,,,,,,,,,,,,,,,,,,,,,,,,,,,,,,0.131308004,,,0.083539002,,,,,,,,,,,,,,,,,,,,,,,,,,,,,,,0.139247,,,,,,,,,,,,
"NIST K253",,,,,,,,,0.316381007,,,,,,0.186985999,,,,,,,,,,,0.063193001,,0.019662,,0.019971,0.080337003,,,,,,,,,,,,,,,,,,,,,,,,,,0.313470006,,,,,,,,,,,,,,,,,,,,,,,,,,,,,,,,,,,,,,
"NIST K2536",,,,,,,,,0.291366994,,,,,,0.116866,,,,,,,,0.161864996,,,,,,,,,,,,,,,,,,,,,,,,,,,,,,,,,,0.429901987,,,,,,,,,,,,,,,,,,,,,,,,,,,,,,,,,,,,,,
"NIST K2538",,,,,,,,,0.297968,,,,,,0.140239999,,,,,,,,0.131889999,,,,,,,,,,,,,,,,,,,,,,,,,,,,,,,,,,0.429901987,,,,,,,,,,,,,,,,,,,,,,,,,,,,,,,,,,,,,,
"NIST K2539",,,,,,,,,0.304569989,,,,,,0.163613006,,,,,,,,0.101915002,,,,,,,,,,,,,,,,,,,,,,,,,,,,,,,,,,0.429901987,,,,,,,,,,,,,,,,,,,,,,,,,,,,,,,,,,,,,,
"NIST K2554",,,,,,,,,0.388731003,,,,,0.105844997,0.140239999,,,,,,0.142939001,,0.029975001,,,0.031597,,,,,0.160673007,,,,,,,,,,,,,,,,,,,,,,,,,,,,,,,,,,,,,,,,,,,,,,,,,,,,,,,,,,,,,,,,
"NIST K2555",,,,,,,,,0.405831993,,,,,0.079383999,0.163613006,,,,,,0.107203998,,0.029975001,,,,0.069944002,,,0.039942,,,0.104107,,,,,,,,,,,,,,,,,,,,,,,,,,,,,,,,,,,,,,,,,,,,,,,,,,,,,,,,,,,,,,
"NIST K256",,,,,0.025944,0.013362,,,0.412905991,,,,,0.179407999,0.050485998,,,,,,0.222269997,,,,,,,,,,,,,,,,,,,,0.039976001,0.025165999,,,,,,,,,,,,,,,,,,,,,,,,,,,,,,,,0.029483,,,,,,,,,,,,,,,,,,,,,
"NIST K2563",,,,,,,,,0.43434,,,,,0.195285007,0.152393997,,,,,,0.217980996,,,,,,,,,,,,,,,,,,,,,,,,,,,,,,,,,,,,,,,,,,,,,,,,,,,,,,,,,,,,,,,,,,,,,,,,,,
"NIST K2566",,,,,,,,,0.461708993,,,0.111277997,,,0.341250002,,,,,,0.085763,,,,,,,,,,,,,,,,,,,,,,,,,,,,,,,,,,,,,,,,,,,,,,,,,,,,,,,,,,,,,,,,,,,,,,,,,,
"NIST K2573",,,,,,,,,0.339309007,,,0.073072001,,,0.223075002,,,,,,,,,,,,,,,,0.034625001,,,,,,,,,,,,,,,,,,,,,,,,,,0.072724998,,,,0.257194012,,,,,,,,,,,,,,,,,,,,,,,,,,,,,,,,,,
"NIST K2575",,,,,,,,,0.336237997,,,0.073072001,,,0.223075002,,,,,,,,,,,,,,,,0.034625001,,,,,,,,,,,,,,,,,,,,,,,,,,0.072724998,,,,,,,,0.260264993,,,,,,,,,,,,,,,,,,,,,,,,,,,,,,
"NIST K2577",,,,,,,,,0.367581993,,,,0.060307998,0.105844997,0.140239999,,,,,,,,,,,,,,,,0.080337003,,,,,,,,,,,,,,,,,,,,,,,,,,,,,,,,,,,,,,,,,,,0.245689005,,,,,,,,,,,,,,,,,,,,,
"NIST K2580",,,,0.046452001,,,,,0.355933994,,,,,,0.186985999,,,,,,,,,,,,,,,,,,0.069403999,,,,,,,,0.074029997,,,,,,,,,,,,,,,,0.089562997,,,,,,,,,,,,,,,,0.084798001,,,,,,,,,,0.092831999,,,,,,,,,,,,
"NIST K2589",,,,0.092905,,0.051272001,,,0.516296983,,,,,0.018523,0.229057997,,,,,,0.007147,,,,,,,,,,,,,,,,,,,,,,,,,,,,,,,,,,,,,,,,,,,,,,,,,,,,,,,,,,,,,,,,,,,,,,,,0.084798001,,
"NIST K2591",,,,0.092905,,0.051272001,,,0.514487028,,,,,0.018523,0.229057997,,,,,,,,,,,,,,,,,,,,,,,,,,,,,,,,,,,,,,,,,,0.008956,,,,,,,,,,,,,,,,,,,,,,,,,,,,,,,,,,,,0.084798001,,
"NIST K2598",,,,,,,,,0.356281012,,,,,,,0.229885995,,,,,,,,,,,,,,,,,,,,,,,,,,,,,,,,,,,,,,,,,,,,,,,,,,,,,0.413834006,,,,,,,,,,,,,,,,,,,,,,,,,,
"NIST K2612",,,,,,,,,0.337787002,,,0.073072001,,,0.223075002,,,,,,,,,,,,,,,,0.034625001,,,,,,,,,,,,,,,,,,,,,,,,,,0.072724998,,,,,,0.258715987,,,,,,,,,,,,,,,,,,,,,,,,,,,,,,,,
"NIST K2618",,,,,,,,,0.320854992,,,,0.060307998,0.079383999,0.140239999,,,,,,,,,,,,,,,,,,,,,,,,,,,,,,,,,,,,,,,,,,0.134343997,,,,,,,,,,,,,,,,,0.264869004,,,,,,,,,,,,,,,,,,,,,
"NIST K2649",,,,0.069678999,,,,,0.484439999,,,,,,0.317876995,,,,,,,,,,,,,,,,,,,,,,,,,,0.111045003,,,,,,,,,,,,,,,,,,,,,,,,,,,,,,,,,,,,,,,,,,,,,,,,,,,,0.016960001,,
"NIST K2654",,,,,,,,,0.35898599,,,,,0.132306993,0.116866,,,,,,0.178672999,,,,,,,,,,,,,,,,,,,,,,,,,,,,,,,,,,,,,0.213167995,,,,,,,,,,,,,,,,,,,,,,,,,,,,,,,,,,,,,
"NIST K2678",,,,,,,,,0.381999999,,,,0.072369002,,0.205685005,,,,,,0.085763,,0.029975001,,,,0.034972001,,,,0.096404001,,,,,,,,,,,,,,,,,,,,,,,,,,,,,,,,,,,,,,,,,,,,,,,,,,,,0.092831999,,,,,,,,,,,,
"NIST K2679",,,,,,,,,0.378816992,,,,0.072369002,,0.201010004,,,,,,0.085763,,0.029975001,,,,0.034972001,,0.007858,,0.096404001,,,,,,,,,,,,,,,,,,,,,,,,,,,,,,,,,,,,,,,,,,,,,,,,,,,,0.092831999,,,,,,,,,,,,
"NIST K268",,,,,0.027024999,0.013983,,,0.395038992,,,,,0.166706994,0.03506,,,,,,0.257290006,,,,,,,,,,,,,,,,,,,,0.041457001,,,,,,,,,,,,,,,,0.033137999,,,,,,,,,,,,,,,,,0.030301999,,,,,,,,,,,,,,,,,,,,,
"NIST K2730",,,,0.083613999,,0.055932999,,,0.549184024,,,,,0.037046,0.257106006,,,,,,,,,,,,,,,,,,,,,,,,,,,,,,,,,,,,,,,,,,,,,,,,,0.008636,,,,,,,,,,,,,,,,,,,,,,,,,,,,,0.00848,,
"NIST K2754",,,,,,,,,0.195521995,,,,,,,,,,,,,,,,,,,,,0.079885997,,,,,,,,,0.292997003,0.118115999,,,,,,,,,,,,,,,,,0.313477993,,,,,,,,,,,,,,,,,,,,,,,,,,,,,,,,,,,,,,
"NIST K2757",,,,,,,,,0.253347009,,,,,,0.172961995,,,,,,,,,,,,,,,,0.028760999,,,,,,,,,,,,,,,,,,,,,,,,,0.350784004,0.060454998,,,,,,,0.133690998,,,,,,,,,,,,,,,,,,,,,,,,,,,,,,,
"NIST K2774",,,,0.083613999,,0.055932999,,,0.52165699,,,,,,0.252431005,,,,,,,,,,,,,,,,,,,,,,,,,,,,,,,,,,,,,,,,,,,,,,,,,0.086364001,,,,,,,,,,,,,,,,,,,,,,,,,,,,,,,
"NIST K2789",,,,0.018580999,,,,,0.271616995,,,,,,0.163613006,,,,,,,,,,,,,,,,,,,,,,,,,,,,,,,,,,,,,,,,,,,,,,,,,,,,,,,,,,,,,,,,,,,,0.334194005,,,,,,,,,,0.211995006,,
"NIST K2791",,,,0.023226,,,,,0.234187007,,,,,,0.116866,,,,,,,,,,,,,,,,,,,,,,,,,,,,,,,,,,,,,,,,,,,,,,,,,,,,,,,,,,,,,,,,,,,,0.371325999,,,,,,,,,,0.254393995,,
"NIST K2933",,,,0.042213999,,,,,0.395633996,,,,,,0.257106006,,,,,,,,,,,,,,,,,,,,,,,,,,,,,,,,,,,,,,,,,,0.044780999,,,,,,,,0.260264993,,,,,,,,,,,,,,,,,,,,,,,,,,,,,,
"NIST K2950",,,,,,,,,0.36233601,,,,0.090461001,,0.233732998,,,,,,,,,,,,,,,,,,,,,,,,,,,,,,,,,,,,,,,,,,0.313470006,,,,,,,,,,,,,,,,,,,,,,,,,,,,,,,,,,,,,,
"NIST K2963",,,,,,0.001554,,,0.363119006,,,,0.090461001,,0.231395006,,,,,,,,,,,,,,,,,,,,,,,,,,,,,,,,,,,,,,,,,,0.313470006,,,,,,,,,,,,,,,,,,,,,,,,,,,,,,,,,,,,,,
"NIST K3 ISOTOPIC GLASS",,,,0.088260002,,0.059041001,,,0.540757,,,,,0.026461,0.243082002,,,,,,,,,,,,,,,,,,,,,,,,,,,,,,,,,,,,,,,,,,,,,,,,,,,,,,,,,,,,,,,,,,,,,,,,,,,,,,0.042399,,
"NIST K309",,,,,,,,,0.387165993,,,,,0.079383999,0.186985999,,,,,,0.107203998,,,,,,0.104915,,,,,,,,,,,,,,,,,,,,,,,,,,,,,,0.134343997,,,,,,,,,,,,,,,,,,,,,,,,,,,,,,,,,,,,,,
"NIST K312",,,,,0.037114002,,,,0.407936007,,,,,0.171470001,0.064510003,,,,,,0.212264001,,,,,,,,,,,,,,,,,,,,0.051081002,,,,,,,,,,0.02678,,,,,,,,,,,,,,,,,,,,,,,0.027845001,,,,,,,,,,,,,,,,,,,,,
"NIST K3154",,,,,,,,,0.414207995,,,,0.085033998,,0.241679996,,,,,,0.100772001,,,,,,0.109600998,,,,,,0.013881,,,,,,0.016912,,,,,,,,,,,,,,,,,,0.017913001,,,,,,,,,,,,,,,,,,,,,,,,,,,,,,,,,,,,,,
"NIST K3156",,,,,,,,,0.426981002,,,,0.090099998,,0.255142987,,,,,,0.106775001,,,,,,0.116131,,,,,,0.001388,,,,,,0.001691,,,,,,,,,,,,,,,,,,0.001791,,,,,,,,,,,,,,,,,,,,,,,,,,,,,,,,,,,,,,
"NIST K3160",,,,,,,,,0.442000985,,,,0.072369002,0.063506998,0.243082002,,,,,,0.085763,,,,,,0.093277998,,,,,,,,,,,,,,,,,,,,,,,,,,,,,,,,,,,,,,,,,,,,,,,,,,,,,,,,,,,,,,,,,,,,
"NIST K3172",,,,0.004645,,0.152263001,,,0.422096997,,,,,,,,,,,,,,,,,,,,,0.144749999,,,,,,,,,,0.067561999,,,,,,,,,,,,,,,,,0.208682001,,,,,,,,,,,,,,,,,,,,,,,,,,,,,,,,,,,,,,
"NIST K3232",,,,,,0.205089003,,,0.490397006,,,,,,,,,,,,,,,,,,,,,,,,,,,,,,,,,,,,,,,,,,,,,,,,0.304513991,,,,,,,,,,,,,,,,,,,,,,,,,,,,,,,,,,,,,,
"NIST K3233",,,,,,0.205089003,,,0.50740999,,,,,,,,,,,,,,,,,,,,,,,,,,,,,,0.287499994,,,,,,,,,,,,,,,,,,,,,,,,,,,,,,,,,,,,,,,,,,,,,,,,,,,,,,,,
"NIST K3234",,,,,,0.205089003,,,0.55191499,,,,,,,,,,,,0.242996007,,,,,,,,,,,,,,,,,,,,,,,,,,,,,,,,,,,,,,,,,,,,,,,,,,,,,,,,,,,,,,,,,,,,,,,,,,
"NIST K326",,,,,,0.093222,,,0.513467014,,,0.014837,0.181526005,,0.139771998,,,,,,0.057174999,,,,,,,,,,,,,,,,,,,,,,,,,,,,,,,,,,,,,,,,,,,,,,,,,,,,,,,,,,,,,,,,,,,,,,,,,,
"NIST K3287",,,,,,,,,0.446671009,,,,0.120614998,,0.266454995,,,,,,0.142939001,,,,,,0.023319,,,,,,,,,,,,,,,,,,,,,,,,,,,,,,,,,,,,,,,,,,,,,,,,,,,,,,,,,,,,,,,,,,,,
"NIST K330",,,,,0.029186999,,,,0.39556399,,,,0.048849002,0.064035997,0.132293001,,,,,0.024904,0.115065999,,,,,,,,,,,,,,,,,,,,0.059964001,,,,,,,,,,0.0638,,,,,,,,,,,,,,,,,,,,,,,0.066335998,,,,,,,,,,,,,,,,,,,,,
"NIST K360",,,,,0.032790001,,,,0.420273989,,,,0.054880001,0.096318997,0.127618,,,,,,0.130073994,,,,,,,,,,,,,,,,,,,,0.067367002,,,,,,,,,,0.071676999,,,,,,,,,,,,,,,,,,,,,,,,,,,,,,,,,,,,,,,,,,,,
"NIST K366",,,,,,,,,0.204271004,,,,,,0.134489998,,,,,,,,,,,,,,,,,,,,,,,,,,,,,,,,,,,,,,,,,,,,,,,,,,,,,,,,,,,,,,,,,,,,0.661239028,,,,,,,,,,,,
"NIST K3667",,,,,,,,,0.417493999,,,,0.060304001,0.052925002,0.224369004,,,,,,0.071469001,,,,,,0.07773,,0.031431999,,0.064277001,,,,,,,,,,,,,,,,,,,,,,,,,,,,,,,,,,,,,,,,,,,,,,,,,,,,,,,,,,,,,,,,
"NIST K3668",,,,,,,,,0.371405005,,,,0.060304001,0.052925002,0.177625,,,,,,0.071469001,,,,,,0.07773,,0.031431999,,0.064277001,,,,,,,,,,,,,,,,,,,,,,,,,,,,,,,,,,,,,,,,,,,,,,,,,,,,0.092831999,,,,,,,,,,,,
"NIST K3670",,,,,,,,,0.368855,,,,0.060304001,0.047633,0.177625,,,,,,0.064322002,,0.01499,,,,0.07773,,0.031431999,,0.064277001,,,,,,,,,,,,,,,,,,,,,,,,,,,,,,,,,,,,,,,,,,,,,,,,,,,,0.092831999,,,,,,,,,,,,
"NIST K3680",,,,,,,,,0.373876989,,,,0.054273002,0.047633,0.177625,0.008728,,,,,0.064322002,,0.01499,,,,0.069957003,,0.031431999,,0.064277001,,,,,,,,,,,,,,,,,0.018619001,,,,,,,,,,,,,,,,,,,,,,,,,,,,,,,,,,,0.074265003,,,,,,,,,,,,
"NIST K369",,,,,,,,,0.168392003,,,,,,,,,,,,,,,,,,,,,,,,0.28650099,,,,,,,,,,,,,,,,,,,,,,,,,,,,,,,,,,,,,,,,,,,,,,,,,,0.545107007,,,,,,,,,,,,
"NIST K371",,,,,,,,,0.31932199,,,,,,0.230834007,,,,,,,,,,,,,,,,0.030688999,,,,,,,,,,,,,,,,,,,,,,,,,,0.419155002,,,,,,,,,,,,,,,,,,,,,,,,,,,,,,,,,,,,,,
"NIST K3713",,,,,,0.102488004,,,0.329724997,,,,,0.015877999,,,,,,,,,,,,,,,,,,,,,,,,,,,,,,,,,,,,,,,,,,,,,,,,,0.551909029,,,,,,,,,,,,,,,,,,,,,,,,,,,,,,,,
"NIST K373",,,,,,,,,0.423397005,,,0.104304001,,,0.318484008,,,,,,,,,,,,,,,,0.049407002,,,,,,,,,,,,,,,,,,,,,,,,,,0.103803001,,,,,,,,,,,,,,,,,,,,,,,,,,,,,,,,,,,,0.000534,,
"NIST K375",,,,,,,,,0.423249006,,,0.104230002,,,0.318296999,,,,,,,,,,,,,,,,0.049407002,,,,,,,,,,,,,,,,,,,,,,,,,,0.103713997,,,,,,,,,,,,,,,,,,,,,,,,,,,,,,,,,,,,0.001102,,
"NIST K376",,,,,,,,,0.421783,,,0.103785001,,,0.316567987,,,,,,,,,,,,,,,,0.049166001,,,,,,,,,,,,,,,,,,,,,,,,,,0.103355996,,,,,,,,,,,,,,,,,,,,,,,,,,,,,,,,,,,,0.005342,,
"NIST K377",,,,,,,,,0.420040011,,,0.103192002,,,0.314511001,,,,,,,,,,,,,,,,0.048845001,,,,,,,,,,,,,,,,,,,,,,,,,,0.102729,,,,,,,,,,,,,,,,,,,,,,,,,,,,,,,,,,,,0.010685,,
"NIST K378",,,,,,,,,0.416622013,,,0.10193,,,0.310490996,,,,,,,,,,,,,,,,0.048363,,,,,,,,,,,,,,,,,,,,,,,,,,0.101563998,,,,,,,,,,,,,,,,,,,,,,,,,,,,,,,,,,,,0.021029999,,
"NIST K408",,,,,,,,,0.213174,,,,,,0.140239999,,,,,,,,,,,,,,,,,,,,,,,,,,,,,,,,,,,,,,,,,,,,,,,,,0.043182001,,,,,,,,,,,,,,,,,,,0.603404999,,,,,,,,,,,,
"NIST K409",,,,,,,,,0.433862001,,,0.074184999,,0.079383999,0.257106006,,,,,,,,,,,,0.155462995,,,,,,,,,,,,,,,,,,,,,,,,,,,,,,,,,,,,,,,,,,,,,,,,,,,,,,,,,,,,,,,,,,,,
"NIST K411",,,,,,,,,0.423642993,,,,0.088471003,,0.253834009,,,,,,0.110563003,,,,,,0.112089001,,,,,,,,,,,,,,,,,,,,,,,,,,,,,,,,,,,,,,,,,,,,,,,,,,,,,,,,,,,,,,,,,,,,
"NIST K412",,,,,,,,,0.427558988,,,,0.116575003,0.049059,0.211996004,,,,,,0.108990997,,,,,,0.077420004,,,,,,,,,,,,,,,,,,,,,,,,,,,,,,,,,,,,,,,,,,,,,,,,,,,,,,,,,,,,,,,,,,,,
"NIST K489",,,,0.000009,,0.000621,,,0.314943999,,,,,0.001535,0.218586996,,,,,,,,0.002758,,,,0.003217,,,,0.029885,,,,,,,,,,0.005182,,,,,,,,,,,,,,,,0.393002003,,0.007978,,,,,,,,,,,,,,,0.010319,,,,,,,,,0.011882,,,,,,,,,,,,
"NIST K490",,,,0.021693001,,0.217519,,,0.609821975,,,,,0.098860003,0.001963,,,,,,,,0.003297,,,,0.003847,,,,,,,,,,,,,,0.006293,,,,,,,,,,,,,,,,,,0.009687,,,,,,,,,,,,,,,0.01253,,,,,,,,,0.014389,,,,,,,,,,,,
"NIST K491",,,,0.000005,,0.000342,,,0.166482002,,,,,0.000847,0.000888,,,,,,,,0.001559,,,,0.001819,,,,,,0.263597995,,,,,,,,0.002961,,,,,,,,,,,,,,,,,,0.004559,,,,,,,,,,,,,,,0.005897,,,,,,,,,0.550954998,,,,,,,,,,,,
"NIST K493",,,,0.000005,,0.000435,,,0.206329003,,,,,0.001058,0.130375996,,,,,,,,0.001918,,,,0.002238,,,,,,,,,,,,,,0.003627,,,,,,,,,,,,,,,,,,0.005536,,,,,,,,,,,,,,,0.007207,,,,,,,,,0.641279995,,,,,,,,,,,,
"NIST K496",,,,,,,,,0.537953973,,,,0.054458,0.060490999,,0.347097993,,,,,,,,,,,,,,,,,,,,,,,,,,,,,,,,,,,,,,,,,,,,,,,,,,,,,,,,,,,,,,,,,,,,,,,,,,,,,,,
"NIST K497",,,,0.000005,,0.000466,,,0.524451971,,,,0.052106,0.057792,0.001262,0.331781,,,,,,,0.002098,,,,0.002448,,,,,,,,,,,,,,0.003998,,,,,,,,,,,,,,,,,,0.006187,,,,,,,,,,,,,,,0.008026,,,,,,,,,0.00919,,,,,,,,,,,,
"NIST K5",,,,,,,,,0.185112,,,,,,,,,,,,,,,,,,,,,,,,,,,,,,,,,,,,,,,,,,,,0.663583994,,,,0.134343997,,,,,,,,,,,,,,,,,,,,,,,,,,,,,,,,,,,,0.016960001,,
"NIST K508",,,,,,0.092601001,,,0.411350995,,,,,,0.120605998,,,,,,,,,,,,,,,,,,,,,,,,0.375441998,,,,,,,,,,,,,,,,,,,,,,,,,,,,,,,,,,,,,,,,,,,,,,,,,,,,,,,,
"NIST K521",,,,0.032517001,,0.211303994,,,0.552663982,,,,,,,,,,,,,,,,,,,,,,,,,,,,,,,,,,,,,,,,,,,,,,,,,,0.203514993,,,,,,,,,,,,,,,,,,,,,,,,,,,,,,,,,,,,
"NIST K523",,,,,,,,,0.207093,,,,0.000965,,0.128974006,0.002487,,,,,,,0.001918,,0.002053,,,,0.002358,,,,0.002915,,,,,,,,0.003627,,,,,,,,,,,,,,,,0.005463,,,,,,,0.006045,,,,,,,,,,,,,,,,,,,0.634132028,,,,,,,,0.000967,,0.001102,,
"NIST K610",,,,0.0005,0.0005,0.000351,,,0.449995011,0.0005,,0.100892,0.0005,0.010283,0.326968998,0.0005,0.0005,0.0005,,0.000461,0.083311997,0.0005,0.000437,0.0005,0.0005,0.000485,0.000458,0.00039,0.000459,0.000444,0.000433,0.0005,0.0005,0.0005,0.0005,,,0.000426,0.000516,0.0005,0.0005,0.0005,0.0005,,,,,0.000254,0.0005,0.0005,0.0005,0.0005,0.0005,,,0.0005,0.0005,0.0005,0.0005,0.0005,0.0005,,0.0005,0.0005,0.0005,0.0005,0.0005,0.0005,0.0005,0.0005,0.0005,0.0005,0.0005,0.0005,0.0005,0.0005,,,,0.000025,,0.000062,0.000426,0.0005,,,,,,,0.000457,,0.000462,,
"NIST K612",,,,0.00005,0.00005,0.000032,,,0.461943001,0.00005,,0.103577003,0.00005,0.010553,0.335649997,0.00005,0.00005,0.00005,,0.000064,0.085527003,0.00005,0.00005,0.00005,0.00005,0.00004,0.000051,0.000036,0.000039,0.000038,0.00005,0.00005,0.00005,0.00005,0.00005,,,0.000031,0.000078,0.00005,0.00005,0.00005,0.00005,,,,,0.000022,0.00005,0.00005,0.00005,0.00005,0.00005,,,0.00005,0.000041,0.000036,0.000039,0.00005,0.000036,,0.000039,0.000036,0.000039,0.00005,0.000035,0.00005,0.000039,0.00005,0.000042,0.00005,0.00005,0.00005,0.00005,0.00005,,,,0.000005,,0.000016,0.000039,0.00005,,,,,,,0.000038,,0.000037,,
"NIST K709",,,,,,0.031074001,,,0.168457001,,,,,0.015876999,0.023373,,,,,,,,,,,,,,,,,,,,,,,,,,,,,,,,,,,,,,,,,,,,,,,,,,,,,,,,,,,,,,,,,,,,0.761219025,,,,,,,,,,,,
"NIST K710",,,,,,,,,0.447079986,,,0.064540997,,,0.329562992,,0.000801,,,0.063920997,0.082904004,,,,,,,,,,,,,,,,,,,,,,,,,,,,,,,0.009189,,,,,,,,,,,,,,,,,,,,,,,,,,,,,,,,,,,,,,,,,,,
"NIST K711",,,,,,,,,0.293453008,,,0.018546,,,0.215033993,,,,,0.046654001,,,,,,,,,,,,,,,,,,,,,,,,,,,,,,,,,,,,,,,,,,,,,,,,,,,,,,,,,,,,,,,0.420713007,,,,,,,,,,,,
"NIST K717",,,,0.004645,,0.052825999,,,0.525596023,,,0.007419,,0.015876999,0.327226013,,,,,0.066412002,,,,,,,,,,,,,,,,,,,,,,,,,,,,,,,,,,,,,,,,,,,,,,,,,,,,,,,,,,,,,,,,,,,,,,,,,,,
"NIST K873",,,,,,,,,0.254593015,,,,,0.002646,0.114528999,,,,,,,,,,,0.00316,,,,,,,0.170040995,,,,,,,,,,,,,,,,,,,,,,,,0.219429001,,0.00407,,,,,,,,,,,,,,,0.004095,,,,,,,,,0.227437004,,,,,,,,,,,,
"NIST K884",,,,,,,,,0.449999988,,,,0.020021999,0.115160003,0.223307997,,,,,,0.075543001,,,,,,0.115966998,,,,,,,,,,,,,,,,,,,,,,,,,,,,,,,,,,,,,,,,,,,,,,,,,,,,,,,,,,,,,,,,,,,,
"NIST K919",,,,,,,,,0.318587005,,,,,,0.201010004,,,,,,,,,,0.006842,0.018958,0.020982999,0.021318,0.023575,0.023964999,,,,,,,,,,,,,,,,,,,,,,,,,,,0.340339005,,0.024421999,,,,,,,,,,,,,,,,,,,,,,,,,,,,,,,,,,,,
"NIST K93",,,,,,0.039028998,,,0.538187981,,,0.029526001,0.00003,0.012066,0.377712011,,,0.0006,,0.000116,0.000071,,0.000084,,,,0.000196,,,,,,,,,,,,,,0.000311,,,,,,,,,,,,,,,,,,,,,,,,,,,,,,,,,,,,,,,,,,,,,,,,,,,,,,
"NIST K961",,,,,,,,,0.46983701,,,0.029673999,0.030153999,0.058215,0.299178004,0.002182,,,,0.024904,0.035735,,0.01199,,,0.00316,0.034972001,,,,,,,,,,,,,,,,,,,,,,,,,,,,,,,,,,,,,,,,,,,,,,,,,,,,,,,,,,,,,,,,,,,,
"NIST K963",,,,,,,,,0.319245011,,,,0.001387,,0.219943002,0.003578,,,,,,,0.002758,,0.003011,,,,0.003379,,0.030045999,,0.004234,,,,,,,,0.005256,,,,,,,,,,,,,,,,0.395240992,,,,,,,0.008809,,,,,,,,,,,,,,,,,,,,,,,,,,,0.001318,,0.001696,,
"NIST K968",,,,,,,,,0.166223004,,,,0.000784,,,0.002007,,,,,,,0.001559,,0.001711,,,,0.001886,,,,0.262695014,,,,,,,,0.002961,,,,,,,,,,,,,,,,0.004478,,,,,,,0.004923,,,,,,,,,,,,,,,,,,,0.549099028,,,,,,,,0.000842,,0.000933,,
"NIST K970",,,,,,,,,0.379128993,,,,,0.079383999,0.186985999,,,,,0.016603,0.107203998,,,0.011203,,,,,,,,0.007439,,0.015148,,,,,0.126837999,,,,,,,,,,0.017508,,0.015752999,,,,,0.018864,,,,,,,,,,,,,,,,,,,,,,,,,,,,0.01794,,,,,,,,,,,
"NIST K975",,,,0.010452,,,,,0.396611005,,,,,0.089227997,0.210171998,,,,,0.018678,0.067466997,,,,,,,,,,,,,,,,,0.020574,0.100541003,,,,,,,,,0.010427,,,,,,,,,,,0.018316001,,,,,,,0.019548001,,,,,0.019758999,,,0.018426999,,,,,,,,,,,,,,,,,,,,,
"NIST K978",,,,,,,,,0.393896997,,,,0.013569,0.089227997,0.210171998,,,,,0.018678,0.067466997,,0.006714,,,,,,,,,,,,,,,0.020574,0.100541003,,,,,,,,,,,,,,,,,0.021221999,,0.019184999,,,,,,0.019432001,0.01952,,,,,,,,,,,,,,,,,,,,,,,,,,,,,,
"NIST K979",,,,0.010452,,,,,0.405782998,,,,,0.089227997,0.210171998,,,,,0.018678,0.067466997,,0.013489,,,,,,,,,,,,,,,,0.100541003,,,0.015729001,,,,,,,,,,0.008431,,,,0.021221999,,,,,,,0.019404,,,,0.019605,,,,,,,,,,,,,,,,,,,,,,,,,,,,
"Neodymium Oxide",,,,,,,,,0.142648771,,,,,,,,,,,,,,,,,,,,,,,,,,,,,,,,,,,,,,,,,,,,,,,,,,,,0.857351243,,,,,,,,,,,,,,,,,,,,,,,,,,,,,,,,,,
"NiCrAl Alloy",,,,,,,,,,,,,,0.029999999,,,,,,,,,,,0.389999986,,,,0.579999983,,,,,,,,,,,,,,,,,,,,,,,,,,,,,,,,,,,,,,,,,,,,,,,,,,,,,,,,,,,,,,,,,,
"Nickel (II) Phosphate",1.9,,,,,,,,0.349691749,,,,,,,0.16924493,,,,,,,,,,,,,0.481063306,,,,,,,,,,,,,,,,,,,,,,,,,,,,,,,,,,,,,,,,,,,,,,,,,,,,,,,,,,,,,,,,,,
"Nickel Arsenide",,,,,,,,,,,,,,,,,,,,,,,,,,,,,0.439272523,,,,,0.560727477,,,,,,,,,,,,,,,,,,,,,,,,,,,,,,,,,,,,,,,,,,,,,,,,,,,,,,,,,,,,,
"Nickel Oxide",,,,,,,,,0.214202702,,,,,,,,,,,,,,,,,,,,0.785797298,,,,,,,,,,,,,,,,,,,,,,,,,,,,,,,,,,,,,,,,,,,,,,,,,,,,,,,,,,,,,,,,,,
"Nickel Phosphide",,,,,,,,,,,,,,,,0.345430374,,,,,,,,,,,,,0.654569626,,,,,,,,,,,,,,,,,,,,,,,,,,,,,,,,,,,,,,,,,,,,,,,,,,,,,,,,,,,,,,,,,,
"Nickel Silicate",,,,,,,,,,,,,,,0.193064243,,,,,,,,,,,,,,0.806935728,,,,,,,,,,,,,,,,,,,,,,,,,,,,,,,,,,,,,,,,,,,,,,,,,,,,,,,,,,,,,,,,,,
"Nickel Sulphate",,,,,,,,,0.413538724,,,,,,,,0.20719713,,,,,,,,,,,,0.379264146,,,,,,,,,,,,,,,,,,,,,,,,,,,,,,,,,,,,,,,,,,,,,,,,,,,,,,,,,,,,,,,,,,
"Niobium Oxide",,,,,,,,,0.300956696,,,,,,,,,,,,,,,,,,,,,,,,,,,,,,,,,0.699043274,,,,,,,,,,,,,,,,,,,,,,,,,,,,,,,,,,,,,,,,,,,,,,,,,,,,,
"ODS Eurofer",,,,,,0.00005,0.00071,0.000276,0.0013,,,,,0.000032,0.00111,0.0004,0.000031,,,,,,0.000007,,0.089199997,0.00408,0.890972018,,0.00054,0.00015,,,,,,,,,,,,0.000005,0.000037,,,,,,,,,,,,,,,,,,,,,,,,,,,,,,,,0.0111,,,,,,,,,,,,,,,,,,,,
"Obsidian",,0.0009,,,,,,,0.486299992,0.0007,,0.030099999,0.0004,0.069399998,0.345600009,,,0.0036,,0.0418,0.0054,,0.0006,,,0.0005,0.0134,,,,,,,,,,,,,,,,,,,,,,,,,,,,,,,,,,,,,,,,,,,,,,,,,,,,,,,,,,,,,,,,,,,,
"Olivine",,,,,,,,,0.438600004,,,,0.306199998,,0.192399994,,,,,,,,,,,0.0008,0.0592,,0.0023,,,,,,,,,,,,,,,,,,,,,,,,,,,,,,,,,,,,,,,,,,,,,,,,,,,,,,,,,,,,,,,,,,
"Orthoclase",,,,,,,,,0.459865957,,,,,0.096940286,0.302719921,,,,,0.140473843,,,,,,,,,,,,,,,,,,,,,,,,,,,,,,,,,,,,,,,,,,,,,,,,,,,,,,,,,,,,,,,,,,,,,,,,,,,
"PM200D",,,,,,0.000003,0.00003,0.00005,0.00227,,,,,0.055500001,0.0004,0.00002,0.00003,,,,,,0.0046,,0.189400002,0.0006,0.740897,,0.0003,0.0002,,,,,,,,,,0.0053,,0.0001,0.0002,,,,,,,,,,,,,,,,,,,,,,,,,,,,,,,,0.0001,,,,,,,,,,,,,,,,,,,,
"Pentlandite",,,,,,,,,,,,,,,,,0.3301,,,,,,,,,,0.307700008,0.001,0.361200005,,,,,,,,,,,,,,,,,,,,,,,,,,,,,,,,,,,,,,,,,,,,,,,,,,,,,,,,,,,,,,,,,,
"Periclase",2.946,,,,,,,,0.396964103,,,,0.603035867,,,,,,,,,,,,,,,,,,,,,,,,,,,,,,,,,,,,,,,,,,,,,,,,,,,,,,,,,,,,,,,,,,,,,,,,,,,,,,,,,,
"Pin Stub",4.5,,,,,,,,,,,,,0.949999988,,,,,,,,,,,,,,,,0.050000001,,,,,,,,,,,,,,,,,,,,,,,,,,,,,,,,,,,,,,,,,,,,,,,,,,,,,,,,,,,,,,,,,
"Plagioclase",,,,,,,,,0.469300002,,,0.033100002,,0.154200003,0.248799995,,,,,0.0023,0.089100003,,0.0004,,,,0.0028,,,,,,,,,,,,,,,,,,,,,,,,,,,,,,,,,,,,,,,,,,,,,,,,,,,,,,,,,,,,,,,,,,,,
"Pollucite",,,,,,,,,0.307628572,,,,,0.086464621,0.180004716,,,,,,,,,,,,,,,,,,,,,,,,,,,,,,,,,,,,,,,,,0.425902098,,,,,,,,,,,,,,,,,,,,,,,,,,,,,,,,,,,,,,,
"Pottasium Iodide",,,,,,,,,,,,,,,,,,,,0.235528663,,,,,,,,,,,,,,,,,,,,,,,,,,,,,,,,,,0.764471352,,,,,,,,,,,,,,,,,,,,,,,,,,,,,,,,,,,,,,,,,
"Pyrite",,,,,,,,,,,,,,,,,0.534528017,,,,,,,,,,0.465471983,,,,,,,,,,,,,,,,,,,,,,,,,,,,,,,,,,,,,,,,,,,,,,,,,,,,,,,,,,,,,,,,,,,,
"Pyrope",,,,,,,,,0.476258397,,,,0.180873349,0.13386111,0.209007144,,,,,,,,,,,,,,,,,,,,,,,,,,,,,,,,,,,,,,,,,,,,,,,,,,,,,,,,,,,,,,,,,,,,,,,,,,,,,,,,
"RFAY",,,,,,,,,0.331,,,,,,0.136600003,,,,,,,,,,,0.0166,0.515799999,,,,,,,,,,,,,,,,,,,,,,,,,,,,,,,,,,,,,,,,,,,,,,,,,,,,,,,,,,,,,,,,,,,,
"Rhodonite",,,,,,,,,0.366337776,,,,,,0.214357615,,,,,,,,,,,0.419304579,,,,,,,,,,,,,,,,,,,,,,,,,,,,,,,,,,,,,,,,,,,,,,,,,,,,,,,,,,,,,,,,,,,,,
"Rubidium Bromide",,,,,,,,,,,,,,,,,,,,,,,,,,,,,,,,,,,,0.4831779,,0.5168221,,,,,,,,,,,,,,,,,,,,,,,,,,,,,,,,,,,,,,,,,,,,,,,,,,,,,,,,,
"SE1610x",,,,,,,,,,,,,,0.090000004,0.140000001,,,,,,,,0.529999971,,,,,,,,,,,,,,,,,,,0.170000002,,,,,,,,,,,,,,,,,,,,,,,,,,,,,,,,,0.090000004,,,,,,,,,,,,,,,,,,,,
"SI Labradorite",3.5,,,,,,,,0.468899995,,,0.0288,,0.160799995,0.241400003,,,,,0.0009,0.099699996,,,,,,0.0034,,,,,,,,,,,,,,,,,,,,,,,,,,,,,,,,,,,,,,,,,,,,,,,,,,,,,,,,,,,,,,,,,,,,
"SPI Albite",,,,,,,,,0.4903,,,0.086599998,,0.104599997,0.321399987,,,,,0.0014,0.0016,,,,,,,,,,,,,,,,,,,,,,,,,,,,,,,,,,,,,,,,,,,,,,,,,,,,,,,,,,,,,,,,,,,,,,,,,,
"SPI Almandine",,,,,,,,,0.421099991,,,,0.0612,0.120200001,0.182999998,,,,,,0.0286,,0.0004,,,0.0043,0.185599998,,,,,,,,,,,,,,,,,,,,,,,,,,,,,,,,,,,,,,,,,,,,,,,,,,,,,,,,,,,,,,,,,,,,
"SPI Arsenopyrite",,,,,,,,,,,,,,,,,0.1928,,,,,,,,,,0.341600001,0.0002,,,,,,0.460999995,,,,,,,,,,,,,,,,,,,,,,,,,,,,,,,,,,,,,,,,,,,,,,,,,,,,,,,,,,,,,
"SPI Barite",,,,,,,,,0.278899997,,,,,,,,0.141000003,,,,,,,,,,,,,,,,,,,,,,,,,,,,,,,,,,,,,,,,0.581700027,,,,,,,,,,,,,,,,,,,,,,,,,,,,,,,,,,,,,,
"SPI Benitoite",,,,,,,,,0.354799986,,,0.0007,,,0.211899996,,,,,,,,0.114500001,,,,,,,,,,,,,,,,,,,,,,,,,,,,,,,,,,0.312900007,,,,,,,,,,,,,,,,,,,,,,,,,,,,,,,,,,,,,,
"SPI Biotite",,0.0043,,,,,,,0.435699999,,,0.0008,0.118600003,0.0845,0.179100007,,,,,0.083499998,,,0.0094,,,0.0007,0.078000002,,,,,,,,,,,,,,,,,,,,,,,,,,,,,,,,,,,,,,,,,,,,,,,,,,,,,,,,,,,,,,,,,,,,
"SPI Bustamite",,,,,,,,,0.386400014,,,,0.0014,,0.226400003,,,,,,0.136099994,,,,,0.187000006,0.063199997,,,,0.0022,,,,,,,,,,,,,,,,,,,,,,,,,,,,,,,,,,,,,,,,,,,,,,,,,,,,,,,,,,,,,,,,
"SPI Calcite",,,,,,,0.1197,,0.479699999,,,,,,,,,,,,0.402399987,,,,,,,,,,,,,,,,,,0.0005,,,,,,,,,,,,,,,,,,,,,,,,,,,,,,,,,,,,,,,,,,,,,,,,,,,,,,,,
"SPI Calcopyrite",,,,,,,,,,,,,,,,,0.351399988,,,,,,,,,,0.304800004,,,0.341899991,,,,,,,,,,,,,,,,,,,,,,,,,,,,,,,,,,,,,,,,,,,,,,,,,,,,,,,,,,,,,,,,,
"SPI Celestite",,,,,,,,,0.347299993,,,,,,0.0004,,0.173800007,,,,0.0005,,,,,,,,,,,,,,,,,,0.4736,,,,,,,,,,,,,,,,,,,,,,,,,,,,,,,,,,,,,,,,,,,,,,,,,,,,,,,,
"SPI Chlorite",,0.0154,,,,,,,0.511799991,,,,0.202299997,0.078699999,0.150299996,,,,,,,,,,0.0154,,0.0265,,0.0017,,,,,,,,,,,,,,,,,,,,,,,,,,,,,,,,,,,,,,,,,,,,,,,,,,,,,,,,,,,,,,,,,,
"SPI Chrocoite",,,,,,,,,0.198699996,,,,,,0.0004,,,,,,,,,,0.1611,,,,,,,,,,,,,,,,,,,,,,,,,,,,,,,,,,,,,,,,,,,,,,,,,,,,,,,,,,0.641900003,,,,,,,,,,,,
"SPI Chromite",,,,,,,,,0.315800011,,,,,,,,,,,,,,,,0.684199989,,,,,,,,,,,,,,,,,,,,,,,,,,,,,,,,,,,,,,,,,,,,,,,,,,,,,,,,,,,,,,,,,,,,,,
"SPI Cinnabar",,,,,,,,,,,,,,,,,0.135000005,,,,,,,,,,,,,,,,,,,,,,,,,,,,,,,,,,,,,,,,,,,,,,,,,,,,,,,,,,,,,,,,0.852900028,,,,,,,,,,,,,,
"SPI Cryolite",,,,,,,,,,0.542999983,,0.328500003,,0.1285,,,,,,,,,,,,,,,,,,,,,,,,,,,,,,,,,,,,,,,,,,,,,,,,,,,,,,,,,,,,,,,,,,,,,,,,,,,,,,,,,
"SPI Diopside",,,,,,,,,0.441799998,,,0.003,0.107100002,0.0033,0.258700013,,,,,,0.177200004,,,,,,0.0065,,,,,,,,,,,,,,,,,,,,,,,,,,,,,,,,,,,,,,,,,,,,,,,,,,,,,,,,,,,,,,,,,,,,
"SPI Dolomite",,,,,,,0.130099997,,0.519699991,,,,0.130600005,,,,,,,,0.217199996,,,,,,0.0011,,,,,,,,,,,,,,,,,,,,,,,,,,,,,,,,,,,,,,,,,,,,,,,,,,,,,,,,,,,,,,,,,,,,
"SPI Fluoroapatite",,0.00006,,,,,,,0.379700005,0.029899999,,,,,0.0002,0.178299993,0.0016,,,,0.390799999,,,,,,,,,,,,,,,,,,0.0024,0.0005,,,,,,,,,,,,,,,,,,0.0012,0.0025,0.0004,0.0012,,,,,,,,,,,,,,,,,,,,,,,,,,,,,,,,,,
"SPI Galena",,,,,,,,,,,,,,,,,0.135100007,,,,,,,,,,,,,,,,,,,,,,,,,,,,,,,,,,,,,,,,,,,,,,,,,,,,,,,,,,,,,,,,,,0.863399982,,,,,,,,,,,,
"SPI Jadeite",,,,,,,,,0.471300006,,,0.106899999,0.0043,0.120200001,0.27759999,,,,,,0.0123,,,,,,0.0072,,,,,,,,,,,,,,,,,,,,,,,,,,,,,,,,,,,,,,,,,,,,,,,,,,,,,,,,,,,,,,,,,,,,
"SPI Kaersutite",,0.0023,,,,,,,0.431600004,0.0014,,0.0195,0.076399997,0.063000001,0.194000006,,,,,0.0084,0.081500001,,0.030099999,,,0.0013,0.087700002,,,,,,,,,,,,,,,,,,,,,,,,,,,,,,,,,,,,,,,,,,,,,,,,,,,,,,,,,,,,,,,,,,,,
"SPI Kyanite",,,,,,,,,0.493699998,,,,,0.333000004,0.173299998,,,,,,,,,,,,,,,,,,,,,,,,,,,,,,,,,,,,,,,,,,,,,,,,,,,,,,,,,,,,,,,,,,,,,,,,,,,,,,,,
"SPI Plagioclase",,,,,,,,,0.467900008,,,0.032400001,,0.155399993,0.248300001,,,,,0.002,0.085299999,,,,,,0.0027,,,,,,,,,,,,,,,,,,,,,,,,,,,,,,,,,,,,,,,,,,,,,,,,,,,,,,,,,,,,,,,,,,,,
"SPI Pollucite",,,,0.0005,,,,,0.359400004,,,0.015,,0.090599999,0.222000003,,,,,0.0005,,,,,,,,,,,,,,,,,,0.0017,,,,,,,,,,,,,,,,,,0.323000014,,,,,,,,,,,,,,,,,,,,,,,,,,,,,,,,,,,,,,,
"SPI Pyrite",,,,,,,,,,,,,,,,,0.534099996,,,,,,,,,,0.463,,,,,,,,,,,,,,,,,,,,,,,,,,,,,,,,,,,,,,,,,,,,,,,,,,,,,,,,,,,,,,,,,,,,
"SPI Pyrope",,,,,,,,,0.443800002,,,,0.122699998,0.114200003,0.193700001,,,,,,0.031099999,,0.003,,0.0141,0.0024,0.068099998,,,,,,,,,,,,,,,,,,,,,,,,,,,,,,,,,,,,,,,,,,,,,,,,,,,,,,,,,,,,,,,,,,,,
"SPI Rhodonite",,,,,,,,,0.375200003,,,,0.0117,,0.218700007,,,,,,0.033100002,,,,,0.327600002,0.0337,,,,,,,,,,,,,,,,,,,,,,,,,,,,,,,,,,,,,,,,,,,,,,,,,,,,,,,,,,,,,,,,,,,,
"SPI Scheelite",,,,,,,,,0.222499996,,,,,,,,,,,,0.139400005,,,,,,,,,,,,,,,,,,,,,,0.0013,,,,,,,,,,,,,,,,,,,,,,,,,,,,,,,,0.636900008,,,,,,,,,,,,,,,,,,,,
"SPI Spessartine",,,,,,,,,0.387699991,,,,,0.107199997,0.169599995,,,,,,0.0073,,0.0008,,,0.317699999,0.0093,,,,,,,,,,,,,,,,,,,,,,,,0.0005,,,,,,,,,,,,,,,,,,,,,,,,,,,,,,,,,,,,,,,,,,,,
"SPI Sphene",,,,,,,,,0.406300008,,,,,0.0072,0.144099995,,,,,,0.206,,0.226600006,,,0.0004,0.0051,,,,,,,,,,,,,,,,,,,,,,,,,,,,,,,,,,,,,,,,,,,,,,,,,,,,,,,,,,,,,,,,,,,,
"SPI Spodumene",,,,0.037099998,,,,,0.513599992,,,0.0009,,0.144400001,0.300199986,,,,,,,,,,,,,,,,,,,,,,,,,,,,,,,,,,,,,,,,,,,,,,,,,,,,,,,,,,,,,,,,,,,,,,,,,,,,,,,,
"SPI Tugtupite",,,,,0.0188,,,,0.406699985,,,0.190099999,,0.057599999,0.239500001,,,0.0757,,,,,,,,,,,,,,,,,,,,,,,,,,,,,,,,,,,,,,,,,,,,,,,,,,,,,,,,,,,,,,,,,,,,,,,,,,,,,
"SPI Willemite",,,,,,,,,0.294200003,,,,,,0.132300004,,,,,,,,,,,0.046100002,0.0002,,,,0.531199992,,,,,,,,,,,,,,,,,,,,,,,,,,,,,,,,,,,,,,,,,,,,,,,,,,,,,,,,,,,,,,,,
"SPI Zircon",,,,,,,,,0.347799987,,,,,,0.152600005,0.0004,,,,,,,,,,,,,,,,,,,,,,,,0.0005,0.48969999,,,,,,,,,,,,,,,,,,,,,,,,,,,,,,,,0.009,,,,,,,,,,,,,,,,,,,,,,
"SRM-168",,,,,,,0.0037,,,,,,,,0.008,0.00008,0.00005,,,,,,0.0006,0.0003,0.203299999,0.015,0.034299999,0.412,0.202500001,0.00035,,,,,,,,,,,,0.0295,0.039500002,,,,,,,,,,,,,,,,,,,,,,,,,,,,,,,0.0095,0.039500002,,,,,,,,,,,,,,,,,,,,
"SRM-2062",,,,,,,,,,,,,,0.30309999,,,,,,,,,0.539200008,,,,,,,,,,,,,,,,,,,0.107799999,,,,,,,,,,,,,,,,,,,,,,,,,,,,,,,,,0.0438,,,,,,,,,,,,,,,,,,,,
"SRM-2063a",3.1,,,,,,,,0.432000011,,,,0.079700001,,0.253399998,,,,0.004,,0.118199997,,,,,,0.110600002,,,,,,,,,,,,,,,,,,,,,,,,,,,,,,,,,,,,,,,,,,,,,,,,,,,,,,,,,,,,,,,,,,,,
"SRM-360",,,,,,,,,,,,,,,,,,,,,,,,,0.00114,,0.00156,,0.00052,,,,,,,,,,,,0.98247999,,,,,,,,,,0.0143,,,,,,,,,,,,,,,,,,,,,,,,,,,,,,,,,,,,,,,,,,,,
"SRM-479",,,,,,,,,,,,,,,,,,,,,,,,,0.182999998,,0.709999979,,0.107000001,,,,,,,,,,,,,,,,,,,,,,,,,,,,,,,,,,,,,,,,,,,,,,,,,,,,,,,,,,,,,,,,,,
"SRM-479A",,,,,,,,,,,,,,,,,,,,,,,,,0.180999994,,0.709999979,,0.108999997,,,,,,,,,,,,,,,,,,,,,,,,,,,,,,,,,,,,,,,,,,,,,,,,,,,,,,,,,,,,,,,,,,
"SRM-482-20",,,,,,,,,,,,,,,,,,,,,,,,,,,,,,0.198500007,,,,,,,,,,,,,,,,,,,,,,,,,,,,,,,,,,,,,,,,,,,,,,,,,,0.800999999,,,,,,,,,,,,,,,
"SRM-482-40",,,,,,,,,,,,,,,,,,,,,,,,,,,,,,0.396200001,,,,,,,,,,,,,,,,,,,,,,,,,,,,,,,,,,,,,,,,,,,,,,,,,,0.603600025,,,,,,,,,,,,,,,
"SRM-482-60",,,,,,,,,,,,,,,,,,,,,,,,,,,,,,0.599699974,,,,,,,,,,,,,,,,,,,,,,,,,,,,,,,,,,,,,,,,,,,,,,,,,,0.400999993,,,,,,,,,,,,,,,
"SRM-482-80",,,,,,,,,,,,,,,,,,,,,,,,,,,,,,0.798600018,,,,,,,,,,,,,,,,,,,,,,,,,,,,,,,,,,,,,,,,,,,,,,,,,,0.201199993,,,,,,,,,,,,,,,
"SRM483",,,,,,,,,,,,,,,0.032200001,,,,,,,,,,,,0.967800021,,,,,,,,,,,,,,,,,,,,,,,,,,,,,,,,,,,,,,,,,,,,,,,,,,,,,,,,,,,,,,,,,,,,
"SRM93a",,,,,,0.039000001,,,0.537999988,,,0.0295,0.00003,0.0121,0.377999991,,,0.0006,,0.00012,0.0001,,0.00008,,,,0.0002,,,,,,,,,,,,,,0.00031,,,,,,,,,,,,,,,,,,,,,,,,,,,,,,,,,,,,,,,,,,,,,,,,,,,,,,
"SS304",8,,,,,,,,,,,,,,,,,,,,,,,,0.189999998,,0.720000029,,0.090000004,,,,,,,,,,,,,,,,,,,,,,,,,,,,,,,,,,,,,,,,,,,,,,,,,,,,,,,,,,,,,,,,,,
"SS309",,,,,,,,,,,,,,,,,,,,,,,,,0.25,,0.550000012,,0.200000003,,,,,,,,,,,,,,,,,,,,,,,,,,,,,,,,,,,,,,,,,,,,,,,,,,,,,,,,,,,,,,,,,,
"SS310",,,,,,,,,,,,,,,0.015,,,,,,,,,,0.25,0.02,0.50999999,,0.204999998,,,,,,,,,,,,,,,,,,,,,,,,,,,,,,,,,,,,,,,,,,,,,,,,,,,,,,,,,,,,,,,,,,
"Samarium Fluoride",,,,,,,,,,0.274863273,,,,,,,,,,,,,,,,,,,,,,,,,,,,,,,,,,,,,,,,,,,,,,,,,,,,,0.725136697,,,,,,,,,,,,,,,,,,,,,,,,,,,,,,,,
"Samarium Oxide",,,,,,,,,0.137641802,,,,,,,,,,,,,,,,,,,,,,,,,,,,,,,,,,,,,,,,,,,,,,,,,,,,,,0.862358212,,,,,,,,,,,,,,,,,,,,,,,,,,,,,,,,
"Sanbornite",3.74,,,,,,,,0.292498946,,,,,,0.205382183,,,,,,,,,,,,,,,,,,,,,,,,,,,,,,,,,,,,,,,,,,0.502118886,,,,,,,,,,,,,,,,,,,,,,,,,,,,,,,,,,,,,,
"Silicon Nitride",,,,,,,,0.399383247,,,,,,,0.600616753,,,,,,,,,,,,,,,,,,,,,,,,,,,,,,,,,,,,,,,,,,,,,,,,,,,,,,,,,,,,,,,,,,,,,,,,,,,,,,,,
"Silver Bromide",,,,,,,,,,,,,,,,,,,,,,,,,,,,,,,,,,,,0.425536901,,,,,,,,,,,,0.574463129,,,,,,,,,,,,,,,,,,,,,,,,,,,,,,,,,,,,,,,,,,,,,,,
"Silver Chloride",,,,,,,,,,,,,,,,,,0.247367457,,,,,,,,,,,,,,,,,,,,,,,,,,,,,,0.752632558,,,,,,,,,,,,,,,,,,,,,,,,,,,,,,,,,,,,,,,,,,,,,,,
"Silver Sulphide",,,,,,,,,,,,,,,,,0.129397973,,,,,,,,,,,,,,,,,,,,,,,,,,,,,,,0.870602012,,,,,,,,,,,,,,,,,,,,,,,,,,,,,,,,,,,,,,,,,,,,,,,
"Silver Telluride",,,,,,,,,,,,,,,,,,,,,,,,,,,,,,,,,,,,,,,,,,,,,,,,0.360439897,,,,,0.639560103,,,,,,,,,,,,,,,,,,,,,,,,,,,,,,,,,,,,,,,,,,
"Skutterudite",,,,,,,,,,,,,,,,,,,,,,,,,,,,0.207731605,,,,,,0.792268395,,,,,,,,,,,,,,,,,,,,,,,,,,,,,,,,,,,,,,,,,,,,,,,,,,,,,,,,,,,,,
"Sn:Ni film",8,,,,,,,,,,,,,,,,,,,,,,,,,,,,0.349999994,,,,,,,,,,,,,,,,,,,,,,0.649999976,,,,,,,,,,,,,,,,,,,,,,,,,,,,,,,,,,,,,,,,,,,,
"Sphalerite",,,,,,,,,,,,,,,,,0.328959525,,,,,,,,,,,,,,0.671040475,,,,,,,,,,,,,,,,,,,,,,,,,,,,,,,,,,,,,,,,,,,,,,,,,,,,,,,,,,,,,,,,
"Spinel",,,,,,,,,0.449845672,,,,0.170842335,0.379311979,,,,,,,,,,,,,,,,,,,,,,,,,,,,,,,,,,,,,,,,,,,,,,,,,,,,,,,,,,,,,,,,,,,,,,,,,,,,,,,,,
"Spodumene",,,,0.037299167,,,,,0.51586026,,,,,0.144991919,0.30184868,,,,,,,,,,,,,,,,,,,,,,,,,,,,,,,,,,,,,,,,,,,,,,,,,,,,,,,,,,,,,,,,,,,,,,,,,,,,,,,,
"Tantalum Silicide",,,,,,,,,,,,,,,,,0.261671901,,,,,,,,,,,,,,,,,,,,,,,,,,,,,,,,,,,,,,,,,,,,,,,,,,,,,,,,,0.738328099,,,,,,,,,,,,,,,,,,,,,
"Tellurite",,,,,,,,,0.200495243,,,,,,,,,,,,,,,,,,,,,,,,,,,,,,,,,,,,,,,,,,,,0.799504757,,,,,,,,,,,,,,,,,,,,,,,,,,,,,,,,,,,,,,,,,,
"Terbium Fluoride",,,,,,,,,,0.263960093,,,,,,,,,,,,,,,,,,,,,,,,,,,,,,,,,,,,,,,,,,,,,,,,,,,,,,,,0.736039877,,,,,,,,,,,,,,,,,,,,,,,,,,,,,
"Terbium Silicate",,,,,,,,,,,,,,,0.261143863,,,,,,,,,,,,,,,,,,,,,,,,,,,,,,,,,,,,,,,,,,,,,,,,,,,0.738856137,,,,,,,,,,,,,,,,,,,,,,,,,,,,,
"Thallium Bromode-Iodine",,,,,,,,,,,,,,,,,,,,,,,,,,,,,,,,,,,,0.107699998,,,,,,,,,,,,,,,,,,0.236300007,,,,,,,,,,,,,,,,,,,,,,,,,,,,0.656000018,,,,,,,,,,,,,
"Thallium Iodide",,,,,,,,,,,,,,,,,,,,,,,,,,,,,,,,,,,,,,,,,,,,,,,,,,,,,,0.383063287,,,,,,,,,,,,,,,,,,,,,,,,,,,,0.616936743,,,,,,,,,,,,,
"Thulium Silicide",,,,,,,,,,,,,,,0.249532446,,,,,,,,,,,,,,,,,,,,,,,,,,,,,,,,,,,,,,,,,,,,,,,,,,,,,,,0.750467539,,,,,,,,,,,,,,,,,,,,,,,,,
"Titanium Carbide",,,,,,,0.200587198,,,,,,,,,,,,,,,,0.799412787,,,,,,,,,,,,,,,,,,,,,,,,,,,,,,,,,,,,,,,,,,,,,,,,,,,,,,,,,,,,,,,,,,,,,,,,
"Titanium Nitride",,,,,,,,0.226375669,,,,,,,,,,,,,,,0.773624361,,,,,,,,,,,,,,,,,,,,,,,,,,,,,,,,,,,,,,,,,,,,,,,,,,,,,,,,,,,,,,,,,,,,,,,,
"Titanium Oxide",,,,,,,,,0.250513583,,,,,,,,,,,,,,0.749486446,,,,,,,,,,,,,,,,,,,,,,,,,,,,,,,,,,,,,,,,,,,,,,,,,,,,,,,,,,,,,,,,,,,,,,,,
"Titanium Sulfide",,,,,,,,,,,,,,,,,0.572604597,,,,,,0.427395374,,,,,,,,,,,,,,,,,,,,,,,,,,,,,,,,,,,,,,,,,,,,,,,,,,,,,,,,,,,,,,,,,,,,,,,,
"TugTupite",,,,,0.019267479,,,,0.410468549,,,0.196602732,,0.057684831,0.240180135,,,0.075796284,,,,,,,,,,,,,,,,,,,,,,,,,,,,,,,,,,,,,,,,,,,,,,,,,,,,,,,,,,,,,,,,,,,,,,,,,,,,,
"Tungsten Silicide",,,,,,,,,,,,,,,0.234035105,,,,,,,,,,,,,,,,,,,,,,,,,,,,,,,,,,,,,,,,,,,,,,,,,,,,,,,,,,,,0.765964866,,,,,,,,,,,,,,,,,,,,
"Uranium Oxide",,,,,,,,,0.118501909,,,,,,,,,,,,,,,,,,,,,,,,,,,,,,,,,,,,,,,,,,,,,,,,,,,,,,,,,,,,,,,,,,,,,,,,,,,,,,,,,,,,0.881498098,,
"Vanadium Carbide",,,,,,,0.190790787,,,,,,,,,,,,,,,,,0.809209228,,,,,,,,,,,,,,,,,,,,,,,,,,,,,,,,,,,,,,,,,,,,,,,,,,,,,,,,,,,,,,,,,,,,,,,
"Vanadium Oxide",,,,,,,,,0.439833969,,,,,,,,,,,,,,,0.560166061,,,,,,,,,,,,,,,,,,,,,,,,,,,,,,,,,,,,,,,,,,,,,,,,,,,,,,,,,,,,,,,,,,,,,,,
"W-2.2Re",10,,,,,,,,,,,,,,,,,,,,,,,,,,,,,,,,,,,,,,,,,,,,,,,,,,,,,,,,,,,,,,,,,,,,,,,,,,0.980000019,0.02,,,,,,,,,,,,,,,,,,,
"W-2Re-1Os",15,,,,,,,,,,,,,,,,,,,,,,,,,,,,,,,,,,,,,,,,,,,,,,,,,,,,,,,,,,,,,,,,,,,,,,,,,,0.970000029,0.02,0.01,,,,,,,,,,,,,,,,,,
"WC",8.9,,,,,,0.061325796,,,,,,,,,,,,,,,,,,,,,,,,,,,,,,,,,,,,,,,,,,,,,,,,,,,,,,,,,,,,,,,,,,,,0.938674212,,,,,,,,,,,,,,,,,,,,
"Willemite",,,,,,,,,0.292800009,,,,0.0008,0.0002,0.131300002,,,,,,0.0001,,0.0001,,,0.0374,0.0002,,,,0.537400007,,,,,,,,,,,,,,,,,,,,,,,,,,,,,,,,,,,,,,,,,,,,,,,,,,,,,,,,,,,,,,,,
"Wollastonite",,,,,,,,,0.4132016,,,,,,0.241779342,,,,,,0.345019042,,,,,,,,,,,,,,,,,,,,,,,,,,,,,,,,,,,,,,,,,,,,,,,,,,,,,,,,,,,,,,,,,,,,,,,,,,
"Xenotime",,,,,,,,,0.348046929,,,,,,,0.168448851,,,,,,,,,,,,,,,,,,,,,,,,0.483504236,,,,,,,,,,,,,,,,,,,,,,,,,,,,,,,,,,,,,,,,,,,,,,,,,,,,,,,
"Ytterbium Fluoride",,,,,,,,,,0.24776338,,,,,,,,,,,,,,,,,,,,,,,,,,,,,,,,,,,,,,,,,,,,,,,,,,,,,,,,,,,,,0.752236605,,,,,,,,,,,,,,,,,,,,,,,,
"Yttrium Al Garnet",,,,,,,,,0.323429555,,,,,0.227264434,,,,,,,,,,,,,,,,,,,,,,,,,,0.449306011,,,,,,,,,,,,,,,,,,,,,,,,,,,,,,,,,,,,,,,,,,,,,,,,,,,,,,,
"Zinc Arsenide",,,,,,,,,,,,,,,,,,,,,,,,,,,,,,,0.466106474,,,0.533893526,,,,,,,,,,,,,,,,,,,,,,,,,,,,,,,,,,,,,,,,,,,,,,,,,,,,,,,,,,,,,
"Zinc Selenide",,,,,,,,,,,,,,,,,,,,,,,,,,,,,,,0.453068167,,,,0.546931803,,,,,,,,,,,,,,,,,,,,,,,,,,,,,,,,,,,,,,,,,,,,,,,,,,,,,,,,,,,,
"Zinc Telluride",,,,,,,,,,,,,,,,,,,,,,,,,,,,,,,0.33889094,,,,,,,,,,,,,,,,,,,,,,0.66110909,,,,,,,,,,,,,,,,,,,,,,,,,,,,,,,,,,,,,,,,,,
"Zircon",4.6,,,,,,,,0.349127769,,,,,,0.153215557,,,,,,,,,,,,,,,,,,,,,,,,,,0.497656673,,,,,,,,,,,,,,,,,,,,,,,,,,,,,,,,,,,,,,,,,,,,,,,,,,,,,,
"Zirconium Carbide",,,,,,,0.116343632,,,,,,,,,,,,,,,,,,,,,,,,,,,,,,,,,,0.883656383,,,,,,,,,,,,,,,,,,,,,,,,,,,,,,,,,,,,,,,,,,,,,,,,,,,,,,
"Zirconium Nitride",,,,,,,,0.133104697,,,,,,,,,,,,,,,,,,,,,,,,,,,,,,,,,0.866895318,,,,,,,,,,,,,,,,,,,,,,,,,,,,,,,,,,,,,,,,,,,,,,,,,,,,,,
